,J_XYL_F_0001_01,J_XYL_F_0001_02,J_XYL_F_0002_01,J_XYL_F_0002_02,J_XYL_F_0003_01,J_XYL_F_0003_02,J_XYL_F_0004_01,J_XYL_F_0004_02,J_XYL_F_0005_01,J_XYL_F_0005_02,J_XYL_F_0006_01,J_XYL_F_0006_02,J_XYL_F_0010_01,J_XYL_F_0010_02,J_XYL_F_0012_01,J_XYL_F_0012_02,J_XYL_F_0013_01,J_XYL_F_0013_02,J_XYL_F_0015_01,J_XYL_F_0015_02,J_XYL_F_0016_01,J_XYL_F_0016_02,J_XYL_F_0018_01,J_XYL_F_0018_02,J_XYL_F_0020_01,J_XYL_F_0020_02,J_XYL_F_0025_01,J_XYL_F_0025_02,J_XYL_F_0031_01,J_XYL_F_0031_02,J_XYL_F_0032_01,J_XYL_F_0032_02,J_XYL_F_0034_01,J_XYL_F_0034_02,J_XYL_F_0036_01,J_XYL_F_0036_02,J_XYL_F_0043_01,J_XYL_F_0043_2,J_XYL_F_0044_01,J_XYL_F_0044_02,J_XYL_F_0045_01,J_XYL_F_0045_2,J_XYL_F_0046_01,J_XYL_F_0046_02,J_XYL_F_0047_01,J_XYL_F_0047_02,J_XYL_F_0048_01,J_XYL_F_0049_02,J_XYL_F_0050_01,J_XYL_F_0050_02,J_XYL_F_0051_01,J_XYL_F_0051_02,J_XYL_F_0053_01,J_XYL_F_0053_02,J_XYL_F_0057_01,J_XYL_F_0057_02,J_XYL_F_0058_01,J_XYL_F_0058_02,J_XYL_F_0059_01,J_XYL_F_0059_02,J_XYL_F_0060_01,J_XYL_F_0060_02,J_XYL_F_0061_01,J_XYL_F_0061_02,J_XYL_F_0062_01,J_XYL_F_0062_02,J_XYL_F_0064_01,J_XYL_F_0064_02,J_XYL_F_0065_01,J_XYL_F_0065_02,J_XYL_F_0066_01,J_XYL_F_0066_02,K_XYL_F_0001_01,K_XYL_F_0001_02,K_XYL_F_0002_01,K_XYL_F_0002_02,K_XYL_F_0003_01,K_XYL_F_0003_02,K_XYL_F_0004_01,K_XYL_F_0004_02,K_XYL_F_0005_01,K_XYL_F_0005_02,K_XYL_F_0007_01,K_XYL_F_0007_02,K_XYL_F_0008_01,K_XYL_F_0008_02,K_XYL_F_0009_01,K_XYL_F_0009_02,K_XYL_F_0009_03,K_XYL_F_0011_01,K_XYL_F_0011_02,K_XYL_F_0012_01,K_XYL_F_0012_02,K_XYL_F_0013_01,K_XYL_F_0013_02,K_XYL_F_0017_01,K_XYL_F_0017_02,K_XYL_F_0018_01,K_XYL_F_0018_02,K_XYL_F_0022_01,K_XYL_F_0022_02,K_XYL_F_0028_01,K_XYL_F_0028_02,K_XYL_F_0030_02,K_XYL_F_0030_03,K_XYL_F_0033_01,K_XYL_F_0033_02,K_XYL_F_0035_01,K_XYL_F_0035_02,K_XYL_F_0035_03,K_XYL_F_0036_01,K_XYL_F_0036_02,K_XYL_F_0037_01,K_XYL_F_0037_02,K_XYL_F_0038_01,K_XYL_F_0038_02,K_XYL_F_0039_01,K_XYL_F_0039_02,K_XYL_F_0042_01,K_XYL_F_0042_02,K_XYL_F_0043_01,K_XYL_F_0043_02,K_XYL_F_0044_01,K_XYL_F_0044_02,K_XYL_F_0045_01,K_XYL_F_0045_02,K_XYL_F_0046_01,K_XYL_F_0046_02,K_XYL_F_0047_01,K_XYL_F_0047_02,K_XYL_F_0048_01,K_XYL_F_0048_02
[Clostridium],0,0,0,0,0,0,0,0,0,0,0,0,0,0,0,0,0,0,0,0,0,0,0,0,0,0,0,0,0,0,0,0,0,0,0,0,0,0,0,0.0440140845070423,0,0,0,0,0,0,0,0,0,0,1.04234527687296,0,0,0,0,0,0,0,0,0,0.865877363491783,0,0,0,0,0,0,0,0,0,0,0,0,0,0,0,0.735077918259335,0,0,0,0,0,0,0,0,0,0,0,0,0,0,0,0,0,0,0,0,0,0,0,0,0,0,0,0,0,0,0,0,0,0,0,0,0,0,0,0,0,0,0,0,0,0,0,0,0,0,0,0,0,0,0
[Eubacterium],0,0,0,0.0219034059796298,0,0.0477946196913833,2.14107447786681,0.629452860206129,0,0,0,0,0,0,0.4165144318597,0,0.360542255552351,0,0,0,0,4.1767955801105,1.11310592459605,1.20023419203747,1.65871639202082,0,0,0,0,0.174850648404488,3.48615790244617,5.72599841311822,0,0,0,0,0.0385430718828291,0,0,0,0,0,0,0.0566091140673648,0.32654330586223,0,0,0,0,0,0,3.74358974358974,0,0,0,0.223419634643186,0,0,0,0,0.141367732814985,0,0,0.173822353554667,0,0,0.189501610763691,0,0.818821358551494,1.83372397628567,0,0.22550225502255,2.09122344804874,0,0.194823267464514,0,0,0.392156862745098,0,0,0,0,0,0,0,1.01610904584882,6.22481869460113,0.891289669142471,0.794155019059721,0.164113785557987,0,0,0,0,0.110563875766409,1.23106899300328,0.960153624579933,0,0,0,4.76190476190476,0,0.486026731470231,0,0.0229533282325937,0,0,0,0,0,0,0,0,0,0,0.305944055944056,0,0,0.253611202999228,0,2.22003929273084,0.870285951098218,0,0.384047267355982,0.0339635457941809,0,0.0701918577445016,0.0333472280116715,0,0,0,0
[Prevotella],0,0,0,0.0766619209287044,0,0,0,0,0,0,0,0,0,0,0,0,0,0,0,0,0,0,0,0,0,0,0,0,0,0,0.249011278746155,0,0,0,0,0,0,0,0,0,0,0,0,0,0.264344580936091,0,0,0,0.179775280898876,0,0,0,0,0.106302201974184,0,0,0,0,0,0,0,0,0,0,0,0,0.0947508053818457,0,0,0,0,0,0,0,0,0,0,0,0,0,0,0,0,0,0,0,0,0,0,0,0,0,0,0,0,0,0,0,0,0,0,0,0,0,0,0,0,0.0769132162543264,0,0,0,0,0,0,0,0,0,0,0,0,0,0,0,0,0,0,0,0,0,0,0,0
[Ruminococcus],11.1888111888112,11.5509086382873,0,2.09177527105465,0,0,1.66819913306187,1.16898388323995,0,1.9924231794584,5.1405791019723,35.8560794044665,3.31284153005465,1.72716930396111,5.20277676287906,0.644122383252818,2.97086818575137,0,3.01919720767888,4.34665951167159,5.6701955858604,10.6961325966851,3.35128665469779,4.77166276346604,1.3551604509974,0,3.03310523395598,4.22345162596141,8.66635470285447,5.82835494681626,9.59425809286656,4.40359693202856,0,1.93599367838799,1.60465776767964,1.63081193615545,5.01059934476778,2.3124115148655,12.0325743726109,2.3987676056338,9.22107674684994,1.97508356122759,0.543857202621671,4.92499292386074,5.8622298242886,5.57463672391017,3.34728033472803,6.68984700973574,16.4494382022472,100,17.4158523344191,0,0.586482964066282,0,7.96139927623643,1.66907609409909,22.4726200505476,3.29514920096167,0,0,20.4806502915709,2.58153512661346,6.91902732514415,12.0111246306275,1.36161815490873,0,10.3846882698503,0,1.37239072771307,2.38521990900317,15.4057771664374,1.776684433511,5.07162851967726,0,3.03367659337601,1.30691399662732,2.96971478976772,7.86764705882353,13.4133042529989,10.0624899855792,1.01038450743755,3.73955573670267,5.88660166124955,6.93117408906883,2.4989039894783,0,0,0,0,3.7746170678337,0,1.83866373171048,1.12146307798482,0.541106650375284,1.86953462659564,2.49756443184837,3.16850696111378,0,3.35670595255856,2.85028926202907,0.890652557319224,39.3743087375573,2.73390036452005,5.15044247787611,0.795715378729916,1.00020837674516,1.02613576565515,3.51237020894757,1.84412437743976,20.735624799229,5.0965250965251,7.33706790545156,4.60689344446947,2.77886881382561,13.8244308231173,0.736763236763237,0.782214903252367,0,1.08060425625758,2.72889949299135,2.24950884086444,0.803978450062163,0.861790369492621,1.18168389955687,0.62266500622665,3.76842291059924,0,4.6602751146311,3.96718665949435,3.52478762520603,2.4765420704507,18.3111954459203
Abiotrophia,0,0.672143390589993,0,0,0,0.0819336337566571,0,0,0,0,0,1.98511166253102,0,0,0,0,0,0,0,0,0,0,0,0,0,0,0,0,0,0,0,0,0,0,0,0,0,0,0,1.10035211267606,0,0,0,0,0.264344580936091,0,0,0,0,0,0,0,0,0,0,0,0,0,0,0,0,0.50251256281407,0,0,0.197335964479526,0,0.0379003221527383,0,0,0,0,0,0,0,0,0,0,0,0,0,0,0.917057265131445,0,0,0,0,0,0,0,0,0,0,0,0,0.402050457332395,0,0,0,0,0,0,0,0,0,0,0.0833506980620963,0.3069636905806,0,0,0,0.518477661334804,0,0,0.11783189316575,0,0,0,0,0,0.104384133611691,0.0884086444007859,0,0,0,0,0,0,0,0,0,0,0
Achromobacter,0,0,0,0,0,0,0,0,0,0,0,0,0,0,0,0,0,0,0,0,0,0,0,0,0,0,0,0.242882202131966,0,0.23313419787265,0,0.343824385083311,0,0.434610825760569,0,0.364330326162387,0,0,0,0,0,0,0,0,0,0,0,0,0,0,0,0,0,0,0,0,0,0,0,0,0,0,0,0,0,0,0,0,0,0,0,0,0,0,0.278318953520735,0,0,0,0,0,0,0,0,0,0,0,0,0,0,0,0,0,0,0,0,0,0,0,0,0,0.17636684303351,0,0,0,0,0,0,0,0,0,0,0,0,0,0,0,0,0,0,0,0,0,0,0,0,0,0,0,0,0,0,0
Acidaminobacter,0,0,0,0,0,0,0,0,0,0,0,0,0,0,0,0,0,0,0,0,0,0,0,0,0,0,0,0,0,0,0,0,0,0,0,0,0,0,0,0,0,0,0,0,0,0,0,0,0,0,0,0,0,0,0,0,0,0,0,0,0,0,0,0,0,0,0,0,0,0,0,0,0,0,0,0,0,0,0,0,0,0,0,0,0,0,0,0,0,0,0,0,0,0,0,0,0,0,0,0,0,0,0,0,0,0,0,0,0,0,0,0,0,0,0,0,0,0.169635284139101,0,0,0,0,0,0,0,0,0,0,0,0,0,0
Acidaminococcus,0,0,0,0,0,0,0,0,0,0,0,0,0.603369763205829,0.972179129175716,0,0,0,0,0,0,0,0,0,0,0,0,0,0.121441101065983,0,0,0,0,0,0,1.29224652087475,0.173490631505899,0,0,0,0,0,0,0,0,0,0,0,0,0,0,0,0,0,0,0,0,0,0,0,0,0,0,0,0,0,0.0512229478806505,0,0,0,0,0,0,0,0,0,0,0,0,0,0,0,0,0,0,0,0,0,0,0,0,0,0,0.448585231193927,0,0,0,0,0,0,0,0,0,0,1.27433628318584,0,0,0,0,0,0,0,0,0,0,0,0,0,0,0,1.23769758425291,0,0,0,0,0,0,0,0,0,0,0,0
Acinetobacter,0,1.7176997759522,0,0.219034059796298,0,0,0,0.511862765442346,0,0,0,0,0,0,0,0.388367907549493,0,0,0,0,0,0,0,0,0,0.209006270188106,0,1.02550263122386,1.02012166588676,0.203992423138569,0.219715834187784,0.158688177730759,0,0.217305412880284,0,0,0.183079591443438,0,0,0,0,1.640838650866,0.850648445126203,0,0,0,0.889121338912134,0,0,0,0,0,0.549245950474772,0,0,0,0,0,0.76463228138468,0,0,0,0.062672348959639,0,0,0,0.265302255069168,0,0,0,0,0,0,0,0.166991372112441,0,0,0,0,0,0,0,0,0,0,0,0,0.715732613099257,0,0,0,0,0,0,0.211076490099507,0.655389248073687,0.160025604096655,0.0987654320987654,0,0,0,0,0,0,0,0,0.24557095246448,0,0.107686095032979,0,1.47821290678434,0,0,0,0,0,0.092630712227254,0,0,0,0.0589390962671906,0,0,0,0,0,0,0,0.914470145239376,0,0,0
Actinomyces,0,6.87079910380881,0,0.405213010623152,0,0.662296872866312,1.19532378825693,0.643286989001868,0,0,2.16114141838019,3.03970223325062,0.580601092896175,1.5823766677009,0.270369017172086,0.852514919011083,0.274012114219787,0.308982564555286,0.523560209424084,1.30131473034612,0.574197021352952,2.45303867403315,0.622381807301017,0,0.617953165654814,2.28006840205206,0.610319955613094,1.61921468087977,0.814225549836219,0,0.922806503588692,0.0661200740544829,0,0,0.525418915080943,1.1970853573907,0.616689150125265,2.5955639452572,0,0,0,0,1.19927485706317,0,2.1925050536464,0,0,0.0417246175243394,4.60674157303371,0,1.10749185667752,1.65811965811966,0.912306832991994,0,1.32689987937274,0,5.18112889637742,1.62636119360769,1.25121646044766,0.596044432403143,1.92613535960417,3.76391762735245,1.01529205314615,0.782200590996002,2.57523433645782,0.230503265462927,1.83816562440781,0,0.553569369161573,0.248173169722873,2.99862448418157,0.30750307503075,5.68088259509303,0.364001506213129,0.834956860562204,0.526981450252951,0,0,0,4.95112962666239,0,3.12818422661504,0.288912964969303,3.02834008097166,0,0.0495662949194548,0,1.16137744767049,0.264718339686573,2.18818380743982,7.01838529176659,0.388450084164185,0.25879917184265,0,2.79425067846015,0.0797095031440971,2.11233797407585,1.37283950617284,0,1.39692394525187,0.82010582010582,1.16922104597883,0,0,3.10635042081102,2.81308605959575,1.49096649710577,0.781951031918985,0,1.89527786700932,1.98565912851627,0,1.21649020049561,2.62175962293794,0.514448336252189,0.3996003996004,2.92301358583779,0,1.91862388355938,0.611392782582762,1.11984282907662,0.870285951098218,0,0.728705071393402,0,0.741329097167064,0,0.98374322634431,0.941366325981711,0.557880055788006,0.253807106598985,4.85768500948767
Actinomycetospora,0,0,0,0,0,0,0,0,0,0,0,0,0,0,0,0,0,0,0,0,0,0,0,0,0,0,0,0.620698961003913,0,0,0,0,0,0,0,0,0,0,0,0,0,0,0,0,0,0,0,0,0,0,0,0,0,0,0,0,0,0,0,0,0,0,0,0,0,0,0,0,0,0,0,0,0,0,0,0,0,0,0,0,0,0,0,0,0,0,0,0,0,0,0,0,0,0,0,0,0,0,0,0,0,0,0,0,0,0,0,0,0,0,0,0,0,0,0,0,0,0,0,0,0,0,0,0,0,0,0,0,0,0,0,0
Adlercreutzia,0,0,0,0.350454495674077,0,0,0,0,0,0,0,0,0,0,0,0,0,0,0,0,0,0,0,0,0,0,0,0.148428012413979,0,0,0,0,0,0,0,0,0.0674503757949509,0,0,0,0,0,0,0,0,0,0,0,0,0,0,0,0,0,0,0,0,0,0.194633671625191,0,0,0,0,0,0,0,0.170551449687322,0,0,0,0,0,0,0,0,0,0,0,0,0,0,0,0,0,0,0,0,0,0,0.25528811086798,0,0,0,0,0,0,0,0,0,0,0,0,0,0,0.0229533282325937,0,0,0,0,0,0,0,0,0,0,0,0,0,0,0,0,0,0,0,0,0.017650692789692,0,0,0,0,0,0
Aggregatibacter,0,0,0,0,0,0,0,0,0,0,0,0,0,0,0,0.568343279340722,0,0,0,0,1.93791494706621,0,0,0,0,0,0,0,0,0,0,0,0,0,0,0,0,0,0,0,0,0,0,0,0,0,0,0,0.674157303370786,0,0.542888165038002,0,0,0,0,0,0,0,0,0,0,0,0,0,0,0,0,0,0,0,0,0,0,0,0,0,0,0,0,0,0,0,0,0,0,0,0,0,0,0,0,0,0,0,0.582973163131973,0,0,0,0,0,0,0,0,0,0,0,0,0,0,0,1.02592388306674,0,0,0,0,0,0,0,0,0,0,0,0,0,0,0,0,0,0,0,0,0
Agrobacterium,0,0,0,0,0,0,0,0,0,0,0,0,0,0,0,0,0,0.176561465460163,0,0,0,0,0,0,0,0,0.499352690956168,0,0.55217594759008,0,0.571261168888238,0,0.614124872057318,0,0,0,0.269801503179803,0,0,0,0,0,0,0,0,0,0,0,0,0,0,0,0,0,0,0,0,0,0.556096204643403,0,0,0,0,0,0,0.128057369701626,0,0,0,0,0,0,0,0,0,0,0,0,0,0,0,0,0,0,0,0,0,0,0,0,0,0,0,0,0,0,0,0,0,0.451530972202625,0,0,0,0,0,0,0,0,0,0,0,0,0,0,0,0,0,0,0,0,0,0,0,0,0,0,0,0.0917048770320967,0,0.114111829593001,0,0
Akkermansia,0,1.3193925815285,1.34896418821262,1.00755667506297,0,0.300423323774409,0,60.5173964169606,0,0,0,0,0.591985428051002,0.568828213879408,0,0.445202235483565,0.937409864436112,1.25800044140366,0,1.20740541990877,0.915126502781267,3.18232044198895,5.45780969479354,0,5.95186470078057,1.04503135094053,0,1.33585211172581,0.486663547028545,1.92335713244937,19.2764025194082,1.97037820682359,0,1.14579217700514,0,0.902151283830673,0.761225669685874,0.873053327041057,0,0.836267605633803,0,4.92251595259799,1.10165946172082,2.36343051231248,1.35282226714352,0.990752972258917,3.13807531380753,0.709318497913769,1.57303370786517,0,0.0434310532030402,0.205128205128205,0.865760566002607,2.23234624145786,0,0.512550926534367,1.11625947767481,9.5177485504172,1.05658278882247,3.95556759685722,0.989574129704895,0.768548625480343,0.51391326146904,1.47749000521467,0.424272323630982,0,0,0,1.14173682389574,0.634220322625121,1.84319119669876,58.6237529041957,1.76189692079697,0,0,0,1.26433401940606,0,0.836059614685569,0,1.1507156890261,0,1.87793427230047,0,1.60017536168347,0,0.221595487510073,0.472653612424038,0.444726810673443,0.784099197665937,0,0,0.56935817805383,0.384011171234072,0.693537038898382,0.230271897971836,2.27236357817251,0.483950617283951,0.984633746083843,0,0.828924162257496,0,0,2,0,0,0.570075425363971,0.666581207537495,1.03647866469242,1.22068743976871,4.43463872035301,0,0.292858751971165,0.589159465828751,0,0.443306693306693,0.638122684232194,0,1.37832175543059,0,0.766208251473477,0,0,0,0,0,0.116986429574169,0,1.37170521785906,0.608596424496006,0,0
Alistipes,0,0,10.2296450939457,2.61745701456576,4.3951198000882,0,0.525417049783265,1.32807636439095,1.15312694784957,1.7258313455872,0,0,1.93533697632058,4.84021098355569,0,0,0,0,0,0,0,0,1.53201675643327,0,2.05984388551604,0,0,1.06598299824585,0,0,0,1.70589791060566,3.00665301944729,0,1.66145981255325,0,4.83715552129505,0,0,0,0,0,0.739087993306373,1.69827342202095,1.81931270408957,5.20475561426684,0,0,0,0,0,0,0,0,0,0,0,1.93749116108047,1.22341165021549,3.52208073692766,0,0,0,0,0,0,0,0,1.48771767962173,0.799669102440369,0,0,0,0,0.445310325633176,0,0,0,0,0,0,0,0,0,0,0,0,0,0,0,0,2.64146057231646,1.09558316080055,0,0,0,0,0,0,0,0,0,0,0,0,1.8649718691394,0,0,0,2.60199164792804,0,0,0,0.176747839748625,0,0.106143856143856,0,0,0,0,0,0,0,0,2.29819993207291,0,1.19326158165653,0,1.11619150080689,0,0,1.59392789373814
Allobaculum,0,0,0,0,0,0,0,0,0,0,0,0,0,0,0,0,0,0,0,0,0,0,0,0,0,0,0,0,0,0,0,0,0,0,0,0,0,0,0,0,0,0,0,0,0,0,0,0,0,0,0,0,0,0,0,0,0,0,0.278048102321702,0,0,0.443393437777121,0,0,0,0,0,0,0,0,0,0.34850348503485,0,0,0,0,0,0,0,0,0,0,0,0,0,0,0,0,0,0,0,0,0,0,0,0,0,0,0.223780396837237,0,0,0,2.71364925070879,0,0,0,0,0,0.161529142549468,0,0,0,0,0,0,0,0,0,0,0,0,0,0,0,0,0,0,0,0,0,0,0
Alloscardovia,0,0,0,0,0,0,0,0,0,0,0,0,0,0,0,0,0,0,0,0,0,0,0,0,0,0,0,0,0,0,0,0,0,0,0,0,0,0,0,0,0,0,0,0,0,0,0,0,0,0,0,0,0,0,0,0,0,0,0,0,0,0,0,0,0.236803157375432,0,0,0,0,0,0,0,0,0,0,0,0,0,0,0,0,0,0,0,0,0,0,0,0,0,0,0,0,0,0,0,0,0,0,0,0,0,0,0,0,0,0,0,0,0,0,0,0,0,0,0,0,0,0,0,0,0,0,0,0,0,0,0,0,0,0,0
Anaerococcus,0,0,0,0,0,0,0,0,0,0,0,0,0,0,0.109609061015711,0,0,0,0,0,0,0,0,0,0,0,0,0,0,0,0,0,0,0,0,0,0.0192715359414145,0,0,0,0,0,0,0,0,0,0,0,0,0,0,0,0,0,0,0,0,0,0,0,0,0,0,0,0,0,0,0,0,0,0,0,0,0,0,0,2.07291972949133,0,0,0,0,0,0.613940050559769,0,0,0,0,0,0,0,0,0,0,0,0,0,0,1.20493827160494,0,0,0.202821869488536,0,0,0,0,0,0,0,0,0,0,0,0,0,0,0,0,0,0,0,0,0,0,0,0,0,0,0,0,0,0,0
Anaerofilum,0,0,0,0,0,0,0,0,0,0,0,0,0,0.0723963181301065,0,0,0,0,0,0,0,0,0,0,0,0,0,0,0,0,0,0,0,0,0,0,0.0770861437656581,0,0,0,0,0,0,0,0,0,0,0,0,0,0,0,0,0,0,0,0,0,0,0,0,0,0,0,0,0,0,0,0,0,0,0,0,0,0,0,0,0,0,0,0,0,0,0,0,0,0,0,0,0,0,0,0,0,0,0,0,0,0,0,0,0,0,0,0,0,0,0,0,0,0,0,0,0,0,0,0,0,0,0,0,0,0,0,0,0,0,0,0,0,0,0
Anaerostipes,0,0,0,0,0,1.15389867540625,0.788125574674898,0,0,0.182404938964501,0,0,0,1.96504292067432,0,0,0,0,0,0,0,0.419889502762431,0.454817474566128,0,1.94058976582827,0,0.88773811725541,0.242882202131966,0,0.524551945213463,0,0,0,0,1.97387105935814,1.17973629424011,0,0,0,0,0,0,0.585692372054107,0.325502405887348,0,0,0,0,0,0,0,0,0,0.956719817767654,0,0,1.97978096040438,0,0.542193799527318,0.365754538065565,0,0,1.45399849586362,0,0.167735569807597,0,0,0,0,0,0,0,0,0,0.612301697745616,0,0,0,0,0,0,0,1.39039364391477,2.15384615384615,0,1.95786864931846,0,1.2829169480081,0.984752223634053,1.03938730853392,0,1.64443868962838,0.112146307798482,0,0,0,0,0,0,0,0.529100529100529,0,0,0,0,0,0,0,0.296136761340692,0,0,0,0,0,0,0.0749250749250749,0,0,1.05855110817069,0,0,0.165768752590137,0,0,0.566059096569682,0,0.526438933083762,0,0,0,0.192278111059837,0
Anaerotruncus,0,0,0,0.700908991348155,0.602675290313097,0,1.01142782083279,0.553365151829563,0,0,0,0,0,0.754990174785397,0,0,0,0,0,0,0,0,0.335128665469779,0,0.346921075455334,0,0,0.175414923761975,0,0,0,0,0,0,0,0,0,0,0,0,0,0,0,0,0,0,0,0,0,0,0,0,0,0,0,0,0,0,0,0.189650501219182,0,0,0,0,0,0,0,0,0,0,0,0,0,0,0,0,0,0,0,0,0,0,0,0,0,0,0,0,0,0,0,0,0,0,0,0,0.0960153624579933,0,0,0,0,0,0,0,0,0,0,0,0,0,0.143408714837286,0,0,0,0,0,0,0,0,0,0,0,0,0,0,0,0,0,0,0,0,0
Atopobium,0,0,0,0,0,0,0,0.0345853219893477,0,0,0,0,0,0,0,0.0757791039120962,0,0,0,0,0,0,0,0,0,0,0,0.134934556739981,0,0,0,0,0,0,0,0,0,0,0,0,0,0,0.11156045181983,0,0,0,0,0,0.359550561797753,0,0.499457111834962,0,0,0,0,0,0,0,0,0,0.0706838664074925,1.16267612572667,0,0.1564401181992,0.740009866798224,0.102445895761301,1.06120902027667,0,0,0,0,0,0,0.062758880381574,0,0,0,0,0.327153762268266,0.849222880948566,0,0.183411453026289,0,0,0,0,0,0,0,0,0.863309352517986,0,0,0,0,0,0.448071691470635,0.424691358024691,0,0.564413715253281,0,0,0,0,1.63733741392502,0,0.175407823188914,0.269196256890142,0,0.40154192097655,0.165471594043023,0,0,0,0,0,1.45121449156031,0,0,0.253504324485535,0.235756385068762,0.15748031496063,0,0.068931560807484,0,0,0,0,0,0,0.238424857714198,0.379506641366224
Bacillus,0,0.124470998257406,0,0,0,0,0,0,0,0,0,0,0,0,0,0,0,0,0,0,0,0,0,0,0,0,0,0.458777492915936,0,0.45169750837826,0,0.528960592435863,0,0.316080600553141,0,0.537820957668286,0,0,0,0,0,0,0,0,0,0,0,0,0,0,0,0,0,0,0,0,0,0,0,0,0,0,0,0,0,0,0,0,0,0,0,0,0,0,0,0,0,0,0,0,0,0,0,0,0,0,0,0,0,0,0,0,0,0,0,0,0,0,0,0,0.229276895943563,0,0,0,0,0,0,0,0,0,0,0,0,0,0,0,0,0,0,0,0,0,0,0,0,0,0,0,0,0,0,0
Bacteroides,8.54700854700855,1.56833457804332,12.3655050586157,8.72850728288249,35.9547258562399,0.0819336337566571,8.18337055037436,3.97039496437712,7.34469146062747,13.483934334222,6.23164078892153,0,9.5856102003643,7.79811769572862,3.69747899159664,1.23141043857156,3.8650129795212,0.308982564555286,3.31588132635253,4.02468473302925,15.8621927148753,0.530386740331492,6.45122681029324,9.42622950819672,9.50780572419774,3.05909177275318,13.2975772147217,8.70327890972878,10.0514740290126,5.91578027101851,18.5586641277281,9.62708278233272,6.66581371545548,0.237060450414856,13.0076682760579,3.48716169326856,11.784544228175,2.10004719207173,24.2978228353,2.24471830985915,0,19.9635369188696,8.53437456421699,0.481177469572601,12.0354532732079,10.9907529722589,1.88284518828452,16.0222531293463,8.17977528089888,0,4.01737242128122,1.35042735042735,5.57624278532862,13.8648443432043,43.8480096501809,14.4959915889079,9.54085930918281,14.2129826050064,13.9302099263173,9.59089677594148,15.5151086764446,3.12346043945216,11.2183504637754,19.3985746567009,5.05180069067588,0,5.17339397384878,11.8503806686528,2.8255103217622,13.0428788087688,4.81430536451169,1.76985103184365,61.666392227894,0,18.92568883941,0,0.485151426051161,7.15686274509804,27.1537622682661,0.368530684185227,33.4830199270278,1.12084776849399,27.266161068978,2.20242914979757,9.53529153879877,3.99008674101611,12.9734085414988,9.42606347062796,2.66836086404066,15.1349380014588,6.20303756994404,9.4522853813285,3.78709454796411,4.90486995985338,6.17147452005227,9.9902577273935,11.3938230116819,0.918518518518519,50.8130687751753,0.197544800338648,0.27336860670194,9.19576552377943,42.2235722964763,16.9911504424779,5.21040550879878,11.4503021462805,0.219259778986143,16.6773490578131,10.9435994077265,13.3793768069386,10.0165471594043,13.102882907501,2.7033115566569,0.422230950510605,6.70971978984238,5.51948051948052,0.195553725813092,0,5.53534016980924,0.984193259767372,7.01375245579568,0.538748445917944,12.8514488850587,3.93894633185623,4.17751613268425,2.7623334215868,3.64997660271409,3.0762817840767,12.8563743948359,7.08761252694307,5.49915397631134,13.8519924098672
Balneimonas,0,0,0,0,0,0,0,0,0,0,0,0,0,0,0,0,0,0,0,0,0,0,0,0,0,0,0,0,0,0,0,0,0,0,0,0,0,0,0,0,0,0,0,0,0,0,0,0,0,0,0,0,0,0,0,0,0,0,0,0,0,0,0,0,0,0,0,0,0,0,0,0,0,0,0,0,0,0,0,0,0,0,0,0,0,0,0,0,0,0,0,0,0,0,0,0,0,0,0,0,0,0,0,0,0,0,0,0,0,0,0,0,0,0,0.0547285464098074,0,0,0,0,0,0,0,0,0,0,0,0,0,0,0,0.0384556222119674,0
Barnesiella,0,0,0,0,0,0,0,0,0,0,0,0,0,0,0,0,0,0,0,0,0,0,0,0,0,0,0,0,0,0,0,0,0.997952917093142,0,0,0,0,0,0,0,0,0,0,0,0,0,0,0,0,0,0,0,0,0,0,0,0,0,0,0,0,0,0,0,0,0,0,0.463422707712678,0,0,0,0,0,0,0,0,0,0,0,0,0,0,0,0,0,0,0,0,0,0,0,0,0,0,0,0,0,0,0,0,0,0,0,0,0,0,0,0,0,0,0,0,0,0,0,0,0,0,0,0,0,0,0,0,0.0113211819313936,0,0.865699578848854,0,0,0,0,0
Bifidobacterium,0,12.2728404281802,5.62068411755259,23.3052239623261,7.7318829927973,65.3625563293732,9.27361092867464,6.78564017431002,0.986910450862248,7.4365090500912,0,28.287841191067,3.36976320582878,3.21646499120902,69.4921446839605,76.1201098797007,4.25439861551774,2.67049216508497,10.6631762652705,11.6984169573383,17.5847837789341,3.97790055248619,13.1657690005984,2.48829039812646,12.3915871639202,6.34619038571157,1.22063991122619,3.84563486708946,39.8034627983154,39.1519743552382,11.5717006005566,15.1547209732875,18.3469805527124,7.62544448834453,2.65549559784152,2.34212352532963,23.5498169204086,0,0,3.9612676056338,10.9392898052692,5.80370707991492,6.69362710918979,2.25021228417775,13.2483284092676,9.32628797886394,8.99581589958159,1.557719054242,6.33707865168539,0,0,11.5555555555556,34.574567119717,28.4889901290812,4.6843586650583,15.9285057169142,5.62342038753159,16.4616037335596,5.75559571805922,12.381468436738,17.6532956352712,45.1078924031924,11.5317122085736,3.96314966104641,11.3172175629008,18.8756562940197,8.1675194239151,6.55412115193644,11.8210125706378,0.648007720943058,6.65749656121045,21.4432144321443,0.889181623579779,92.8705911886532,21.1522404675758,82.3672006745362,2.04351661276095,38.1862745098039,3.78044347509996,57.3946482935427,10.6932360370474,58.732423069085,1.48067894546768,6.67206477732794,2.89346777729066,7.21189591078067,14.8871877518131,20.6752194463201,53.4095722151631,4.59518599562363,13.1414868105516,11.7182442056196,62.111801242236,2.94990399720719,57.3726002613328,17.7486493667523,7.42518803008481,40.6518518518519,8.98105325973445,6.51897841117539,53.8183421516755,5.51429925738663,10.8343458890239,9.89380530973451,2.99923488905891,48.1662846426339,66.0147342571479,3.70465324958339,3.48633732669269,0.819145518792162,6.96083838940982,33.8024320262331,68.7542239243073,64.2871170463472,52.6707530647986,68.2692307692308,3.21119802387814,23.7913486005089,41.878928217003,73.1136295854459,46.6994106090373,79.7513468711148,54.2497037595605,56.98670605613,27.2387637269331,66.1812726149501,27.3982218062705,65.9358065860775,5.94405594405594,0,17.3357944931549,2.25806451612903
Bilophila,6.83760683760684,0.472989793378143,1.63802794282961,0,0,0,0,0,0.540203615208809,0,0,0,0.284608378870674,0.620539869686627,0,0,0.115373521776752,0,0.418848167539267,0.228065468204991,0,0,1.43626570915619,0,0.704683434518647,0,0,0.323842936175955,0.262049602246139,1.57365583564039,0,0,0.345445240532242,0,0,0,0,0,0,0,0,0,0,0.183979620718936,1.15067641113357,1.09643328929987,0,0.389429763560501,0,0,0,0,0.865760566002607,1.83750949126803,0,0,0,0,1.27902127067983,0.392847466811162,0.459445131648701,0,1.10303334168965,0,0,0,0,0,0,2.08189714600855,0,0,0,0,0,0,0,0,0,0,0,0,1.91404839292163,0,0,0,0,0,0,0,0,1.55380033665674,0.15527950310559,0,0,0,0,0,0,0,0,0,0,0,0,0,0,0,0,0,0.408163265306122,0,0,0,0.0328371278458844,0,0,0,0,0,0,0,0,0,0.169817728970905,0,0.222274216190922,0,0,1.33130467858501,0,0
Blautia,5.05050505050505,5.85013691809808,3.51694234784005,3.75643412550652,1.10245479935323,4.30834357503755,6.02916064626297,2.67690392197551,1.11157282360274,4.44787428090361,0,3.78411910669975,1.53688524590164,1.57203433653946,4.45012787723785,2.6806858008904,0.389385635996539,0,1.2216404886562,0.38905285752616,0.735689933608469,9.50276243093923,3.06403351286655,0,1.64787510841284,2.50807524225727,0,4.19646471461341,1.01076275152082,3.62815095439312,0,3.26633165829146,0.48618219037871,3.3781114184117,0,0.641915336571825,4.67334746579302,0,0,6.91021126760563,15.6357388316151,2.43087207535703,0.571747315576628,2.05208038494198,5.20914321256414,6.32760898282695,0,7.91376912378303,5.57303370786517,0,4.6471226927253,0.64957264957265,0.344442375721467,3.35611237661352,0,2.22105401498226,13.2476832350463,4.85079903832556,2.36340886973446,3.00731509076131,4.48842551687577,2.66036062666273,6.01654550012534,0.469320354597601,0,0.140863106671789,0.701155959825659,5.759682224429,1.71837158343905,3.1711016131256,1.34800550206327,0.40317069837365,2.37115099621274,0,2.53270247703869,0.221332209106239,1.95530726256983,5.63725490196078,6.39767357324609,4.4864605031245,3.50827953971372,5.89973507234563,9.76886962802456,16.1943319838057,3.74835598421745,0,6.30539887187752,3.07900067521945,0.931808555696739,5.85339168490153,5.43565147881695,2.03288877379257,2.40683229813665,6.4932798045034,3.23650618152578,2.07244708174652,7.74523923827812,22.6469135802469,1.86483664031031,0,1.55202821869489,0,1.41757796678817,4.92035398230088,0.428462127008416,0,2.26276091913699,7.10165363414947,8.22452550814376,8.20751686476068,0.750137892995036,2.97854898210138,2.82721333633701,2.48428908091123,1.08362521891419,1.41733266733267,3.13915191436805,1.14503816793893,2.45892601168817,2.19206680584551,3.7229862475442,1.20182345627849,1.38963697080685,1.19153126538651,0.769840371334767,0.803106521930986,0.72531586335985,0.917048770320967,2.16514254975793,5.09699505515405,1.5305337640363,10.3415559772296
Brevundimonas,0,1.56833457804332,0,0,0,0,0,0,0,0,0,0,0,0,0,0.388367907549493,0.0288433804441881,0.706245861840653,0,0,0,0,0,0,0,0,0.369890882189754,0,1.16050538137576,0,0.615204335725795,1.32240148108966,1.40736949846469,0,0.355012780460097,0,0.298708807091925,0,0,0,0,1.21543603767852,0.836703388648724,0,0,0,6.64225941422594,0,0,0,0,0,0.381679389312977,0,0,0,0,0,0.583901014875573,0,0,0,0,0,0,0,1.32651127534584,0,0,0,0,0,0,0,0,0,0,1.27450980392157,0,0,0,0,0,0,0,0,0,0.87778528021607,0,0,0.463629096722622,0,0,0,0.120615137199719,1.14250287839872,0,0.790123456790124,0,0.183434457457316,0,0,0,0,0,0,0.254341343623926,0,0.471126665769283,0,1.05901820187534,0,0,0,0,0,0.0720461095100865,0,0,0,0.952848722986247,0,0,0,0,0,0,0.0833680700291788,0.376546530392684,0,0.0769112444239348,0
Bulleidia,0,0.248941996514812,0,0,0,0,0,0,0,0,0.188837599664289,0,0,0,0,0,0,0,0,0.120740541990877,0,0,0,0,0,0,0,0,0,0,0,0,0,0,0,0,0,0,0,0,0,0,0,0,0,0,0,0,0.337078651685393,0,0.456026058631922,0,0,0,0,0,0,0,0,0,0,0.137944625086215,0,0,0.029600394671929,0.0896401587911384,0.208451771840061,0,0,0,0,0,0,0,0,0,0,0,0,0,0,0.264927654371306,0,0,0,0,0,0,0,0,0,0,0,0,0,0,0.0480076812289966,0.22716049382716,0,0,0,0,0,0,0.114766641162969,0.0312565117732861,0.0789335204350114,0,0,0,0,0,0,0,0,0,0,0,0.0220531480868894,0,0,0,0,0,0,0,0,0,0,0,0,0
Burkholderia,0,0,0,0,0,0,0,0,0,0,0,0,0,0,0,0,0,0,0,0,0,0,0,0,0,0,0,0,0,0,0,0,0,0,0,0,0,0,0,0,0,0,0,0,0,0,0,0,0,0,0,0,0,0,0,0,0,0,0,0,0,0,0,0,0,0,0,0,0,0,0,0,0.065865305450354,0,0,0,0,0,0,0,0,0,0,0,0,0,0,0,0,0,0,0,0,0,0,0,0,0,0,0,0,0,0,0,0,0,0,0,0,0,0,0,0,0,0,0,0,0,0,0,0,0,0,0,0,0,0,0,0,0,0,0
Butyricicoccus,6.06060606060606,0.572566591984068,0,0,0,0,0,0,0,0,0,0,0,0,0,0.0568343279340722,0,0,0,0,0,0,0,0,0,0,0,0,0,0,0,0,0,0,0,0,0,0,0,0,0,0,0.348626411936968,0.127370506651571,0,0,0,0,0,0,0,0,0,0,0,0.078853988697595,0,0,0.79243709161685,0,0,0,0,0,1.50962012826838,0,0,0,0,0,0,0,0,0,0,0,0,0,0,0,0,0,0,0,1.16177115300307,0,1.97421434327156,0,0,0,0,0.246018386637317,0,0,0,0,0,0,0,0,0.0440917107583774,0,0,0.867256637168142,0.604437643458301,0.552198374661388,0,0,0.848027998384709,0,0,0,0,0,0,0,0,0,0,0.0447360572621533,0,0,0,0.16740521910389,0,0,0.280767430978007,0,1.26412049488973,0,0,0
Butyricimonas,0,0,0.594186606712703,0.120468732887964,0,0,0,0.76087708376565,0,0,0,0,0,0.196504292067432,0,0,0,0.0220701831825204,0,0,0,0,0,0,0.173460537727667,0,0,0,0,0,0,0,0,0,0,0,0.125264983619194,0,0,0,0,0,0.292846186027053,0,0,0,0,0,0,0,0,0,0,0,0,0,0,0,0,0,0.335748365435589,0,0,0,0,0,0,0,0.403644331680314,0.882393492347994,0,0,0,0,0,0,0,0,0,0,0,0,0.75839653304442,0,0,0,0,0.297096556380824,0,0,0,0,0,0,0,0,0,0,0,0,0,0,0,0,0,0,0,0,0,0,0,0,0,0,0,0,0,0,0,0,0,0,0,0,0,0,0.0233972859148339,0,0,0,0,0
Campylobacter,0,0,0,0,0,0,0,0,0,0,0,0,0,0,0,0,0,0,0,0,0.0897182845863987,0,0,0,0,0,0,0,0,0,0,0,0,0,0,0,0,0,0,0,0,0,0,0,0,0,0,0,0.112359550561798,0,0.195439739413681,0,0,0,0,0,0,0,0,0,0,0,0,0,0,0,0,0,0.0461307807634644,0,0,0,0,0,0,0,0.13231402528668,0,0,0.0480692196763339,0,0,0,0,0,0,0,0,0,0,0,0,0,0,0,0,0,0.237037037037037,0,0.0846620572879921,0,0,0,0,0,0,0.0350815646377828,0,0,0,0,0,0,0,0,0,0.782214903252367,0,0,0,0,0,0,0,0,0,0,0,0,0,0,0
Catenibacterium,0,0,0,0,0,0,0,0.103755965968043,0,0,0,0,0,0,0,0,0,0,0,0,0,0,12.0047875523639,0,12.6734605377277,0.323009690290709,0.499352690956168,0,0.411792232101076,0,0,0,0.294268167860798,0,0,0,0,0,28.5358151902942,11.2235915492958,0,1.00273473108478,0,25.3608831021795,0,0,0,0,0,0,0,15.042735042735,0,0,0,0,0,0,0,0,0,0,0,0,0,0,0,0.562727573651109,2.86010840733479,3.24003860471529,0,0,0,0,0,0,0,0,0,0,0,0,0,0,3.57299430074529,7.68277571251549,0,0,0,0,0,0,0,0,0,0,0.208033285325652,0,0,0.409199943558628,1.85185185185185,0,0,0.283185840707965,0,0,0,0,0,0,0,0,0,0,0,0,0,0,0,0,0,0,0,0,0,0,0,0.15839933305544,0,0.126790921770001,0,0
Caulobacter,0,2.29026636793627,0,0,0,0,0,0,0,0,0,0,0,0,0,0.530453727384674,0,0.419333480467888,0,0,0,0,0,0,0,0,0,1.14694373228984,1.52550304164717,0,0,0.608304681301243,1.43295803480041,0,0,0,0,0,0,0,0,1.67122455180796,1.42239576070283,0,0,0.409511228533686,5.02092050209205,0,0,0,0,0,0.884379072798361,0,0,0,0,0,1.32072848602808,0,0,0,0,0,0,0,1.98976691301876,0,0,0,0,0,0,0,0,0,0,1.15196078431373,0,0,0,0.0509476258406358,0,0,0,0,0,0.742741390952059,0,0,0.751398880895284,0,0,0,0,1.14250287839872,0,0.839506172839506,0,0,0,0,0,0,0,0,0.464830731450623,0,0.780724188989097,0,1.2134583563155,0,0,0,0,0,0,0,0,0,0.658153241650295,0,0,0,0,0,0,0,1.45239376008607,0,0,0
Cetobacterium,0,0,0,0,0,0,0,0,0,0,0,0,0,0,0,0,0,0,0,0,0,0,0,0,0,0,0,0,0,0,0,0,0,0,0,0,0,0,0,0,0,0,0,0,0,0,0,0,0,0,0,0,0,0,0,0,0,0,0,0,2.26188372503976,0,0,0,0,0,0,0,0,0,0,0,0,0,0,0,0,0,0,0,0,0,0,0,0,0,0,0,0,0,0,0,0,0,0,0,0,0,0,0,0,0,0,0,0,0,0,0,0,0,0,0,0,0,0,0,0,0,0,0,0,0,0,0,0,0,0,0,0,0,0,0
CF231,0,0.323624595469256,0,0,0,0,0,0,0,0,0,0,0,0.0620539869686627,0,0,0,0,0,0.0134156157767642,0,0,0,0,0,0,0,0,0,0,0,0,0,0,0,0,0,0,0,0,0,0,0,0,0,0,0,0,0.224719101123596,0,0,0,0,0,0,0,0.02106149957877,0,0.250243292089531,0,0.300406432231843,0,0,0,0.128268376911692,0,0,0,0,0,0,0,0,0,0,0,0,0,0,0,0,0,0,0,0,0,0,0,0,0,0,0,0,0,0,0,0,0.0493827160493827,0,0,0,0,0,0,0,0,0,0,0,0,0,0,0,0,0,0,0,0,0,0,0.245579567779961,0,0,0,0.316993094079022,0,0,0,0.201721355567509,0,0.123057991078296,0
Christensenella,0,0,0,0.317599386704633,0,0,0,0.214428996333956,0,0,0,0,0,0,0,0,0,0,0,0,0,0,0,0,0,0,0,0,0,0,0,0,0,0,0,0,0,0,0,0,0,0,0,0,0,0,0,0,0,0,0,0,0,0,0,0,0,0,0,0,0,0,0,0,0,0,0,0,0,0,0,0.0956676233429001,0,0,0,0,0,0,0,0,0,0,0,0,0,0,0,0,0,0,0,0,0,0,0,0,0,0,0,0,0,0,0,0,0,0,0,0,0,0,0,0,0,0,0,0,0,0,0,0,0,0,0,0,0.0226423638627873,0,0,0,0,0,0,0
Citrobacter,0,0,0,0,0,0,0,0,0,0,0,0,0,0,0,0,0,0,0,0,0.340929481428315,0,0,0,0.2601908065915,0,0,0,0,0,0,0,0,0,0,0,0,0,0,0,0,0,0,0,0,0,0,0,0,0,0,0,0,0,0,0,0,0,0,0,0.84820639688991,0,0,0,0,0,0,0,0,0,0,0,0,0,0,0,0,0,0,0,0,0,0,0,0,0,0,0,0,0,0,0,0,0,0,0,0,0,0,0,0,0,0,0,0,0,0,0,0,0,0,0,0,0,0.547285464098074,0,0,0,0,0,0,0,0,0,0.362277821804596,0,0.409452503509593,0,0,0,0,0
Cloacibacillus,0,0,0,0.175227247837039,0,0,0,0,0,0,0,0,0,0,0,0,0,0,0,0,0,0,0,0,0,0,0,0,0,0,0,0,0,0,0,0,0,0,0,0,0,0,0,0,0,0,0,0,0,0,0,0,0,0,0,0,0,0,0,0,0,0,0,0,0,0,0,0,0,0,0,0,0,0,0,0,0,0,0,0,0,0,0,0,0,0,0,0,0,0,0,0,0,0,0,0,0,0,0,0,0,0,0,0,0,0,0,0,0,0,0,0,0,0,0,0,0,0,0,0,0,0,0,0,0,0,0,0,0,0,0,0
Cloacibacterium,0,0,0,0,0,0,0,0,0,0,0,0,0,0,0,0,0,0,0,0,0,0,0,0,0,0,0,0,0,0,0,0,0,0,0,0,0,0,0,0,0,0,0,0,0,0,0,0,0,0,0,0,0,0,0,0,0,0,0,0,0,0,0,0,0,0,0,0,0,0,0,0,0,0,0,0,0,0,0,0,0,0,0,0,0,0,0,0,0,0,0,0,0,0,0,0.0531396687627314,0,0,0,0,0,0,0,0,0,0,0,0,0,0,0,0,0,0,0,0,0,0,0,0,0,0,0,0,0,0,0,0,0,0,0,0
Clostridium,23.6208236208236,2.63878516305701,1.17231411594668,1.45657649764538,0.779068058209613,1.33824935135873,4.3609615132011,1.38341287957391,0.509038022023686,2.34320190823628,5.09861519093579,0,5.81739526411658,1.06526010962871,0.964559736938254,0,2.27862705509086,0.706245861840653,0,1.59645827743493,0.735689933608469,6.58563535911602,1.9868342309994,0,1.21422376409367,3.17309519285579,6.65803587941557,3.65672648765349,3.0697239120262,2.46247996502987,3.42756701332943,2.47289076963766,0.498976458546571,2.23231924140656,0.837830161885828,0.0520471894517696,3.56523414916169,10.0991033506371,1.32956622901778,3.23503521126761,10.2520045819015,4.67942874506229,2.17542881048668,2.87291253891877,4.58715596330275,3.61955085865258,0,10.1808066759388,6.67415730337079,0,6.51465798045603,0.666666666666667,4.99906907466021,2.67274107820805,0,1.5770797739519,5.93934288121314,5.6286239570075,3.5451133046017,3.80655648875643,5.69005124580315,1.47797812592374,9.31311105540236,6.84860073005388,1.90429205722743,1.99769496734537,1.08015918135304,8.37471036080768,1.23399838542267,2.4679442989108,2.55845942228336,3.2390323903239,1.59723365717109,0,2.44920679098247,0.231871838111298,0.882093501911203,3.94607843137255,0.763358778625954,2.59573786252203,10.5529048554589,2.67984511921744,0,0,0.350723366944323,1.90830235439901,0,0.405131667792032,0.381194409148666,2.06053975200584,0.367705835331735,2.21416547973585,0.284679089026915,0.401466224471985,3.31691627299226,2.81640244442476,5.02480396863498,3.24938271604938,1.38743846039087,13.2496119655708,3.02469135802469,2.11723811028599,3.72620494127177,4.83185840707965,0.206579954093344,0.0937695353198583,1.37695141203298,1.42289450070504,0.713420379593485,6.24799229039512,3.34252619966906,0,0.709619283622437,2.4057344854674,1.55429071803853,1.87312687312687,7.85302593659942,4.9618320610687,0.18745175873856,1.5359379660006,4.92141453831041,1.79859096560298,0,2.28458887247661,2.1397033850334,0,0.912494150678521,0.133388912046686,4.04787520172136,8.58374540382909,0.33071835102292,5.02846299810247
Collinsella,0,0.472989793378143,7.29083025533965,10.710765524039,0,1.54991123856343,2.31183501904637,0.90613543612091,0.135050903802202,5.92114494177073,0,0,2.4476320582878,1.72716930396111,0.774570697844355,1.4966373022639,3.43236227285838,0,1.20418848167539,0,0,0,1.80730101735488,0,1.49609713790113,0.817024510735322,0,1.80812306031575,0,0,0,2.03649828087807,2.17502558853634,1.89648360331885,0,0.728660652324775,1.8597032183465,0,0,0,0,0,0.641472597964022,1.83979620718936,3.01663815891774,1.38705416116248,0,3.31015299026426,0,0,0,10.7521367521368,0,1.51860288534548,0,0.341700617689578,0,0,0,1.99133026280141,1.76709666018731,1.90166518868854,5.10152920531462,3.61550495393708,0.552540700542674,0,0,3.50877192982456,0,0,0,0,0,0,2.64403005844698,0,0,0,0,0,2.55402750491159,2.05828408396169,0,0,0.811047786058746,6.41883519206939,0,1.3099257258609,1.87420584498094,0,0,6.18930467434935,1.61318150448585,0,0,0,0.28804608737398,0,0,0,1.74603174603175,0,0,0,0,3.87580745988748,1.29801789159797,0,0,0,2.17319360176503,2.24074327093865,0,0.225844461901021,0,0.143606393606394,0,0,0,0,2.17092337917485,1.02776626605885,0.894107508348594,1.76267848350566,1.91327974640552,1.31497661283205,5.22929340196537,0,0,0,0,0
Comamonas,0,0,0,0,0,0,0,0,0,0,0,0,0,0,0,0,0,0,0,0,0,0,0,0,0,0,0,0,0,0,0,0,0,0,0,0,0,0,0,0,0,0,0,0,0,0,0,0,0,0,0,0,0,0,0,0,0,0,0,0,0,0,0,0,0,0,0,0,0,0,0,0,0,0,0,0,0,0,0,0,0,0,0,0,0,0,0,0,0,0,0,0,0,0,0,0,0,0,0,0,0,0,0,0,0,0,0,0,0,0,0,0,0,0,0,0,0,0,0,0,0,0,0,0,0.701913279746405,0,0.538137576041179,0,0,0,0,0
Coprobacillus,0,0,0,0,0,0,0,0,0,0,0,0,0,0,0,0,0,0,0,0,0,0,0,0,0,0,0,0,0,0,0,0,0,0,0,0,0,0,0,0,0,0,0,0,0.761934380345203,0,0,0,0,0,0,0,0,0,0,0,0,0,0,0,0,0,0,0.0521467060664001,0,0,0,0,0,0,0,0,0,0,0,0,0,0,0,0,0,0,0,0,0,0,0,0,0,0,0,0,0,0,0,0,0,0.958024691358025,0,0,0.220458553791887,0,0,0,0,0,0,0,0,0,0,0,0,0,0,0,0,0,0,0,0,0,0,0,0,0,0,0,0,0,0,0
Coprococcus,0,6.0990789146129,2.18403725710615,1.62085204249261,2.66059091577245,1.19486549228458,0.683042164718245,0.843881856540084,2.62829835861209,0,0,0,3.32422586520947,2.56489812803806,0.906101571063208,1.41138581036279,0,0,1.57068062827225,0.147571773544406,0,1.50276243093923,1.22082585278276,0,2.7103209019948,0.608018240547216,2.38579619012391,2.56375657805964,1.90921853065044,3.03074457234446,0,1.42819359957683,2.1878198567042,4.08929276965626,0.852030673104232,0,1.11774908460204,0,0,3.34507042253521,0,0.577332117897296,1.03193417933343,0,3.06328720261235,1.84940554821664,0,1.66898470097357,0,0,0,0,3.05343511450382,3.87243735763098,0,0.77539755552635,2.19039595619208,1.79606844859284,2.96121228972612,2.39772419398537,2.38558049125287,2.40417775150261,0,0,0.246669955599408,0,2.31191965131704,7.74577954319762,1.26859647099527,2.1370467392803,0,0,0,0,1.64208182577234,0,3.83710673331373,2.05882352941176,0,0,6.23070446253157,1.18198491950275,6.01300108342362,3.33603238866397,2.91538798772468,0.619578686493185,2.55842062852538,3.17353139770425,1.2282930961457,5.65280816921955,4.98800959232614,3.41836074064483,1.95824706694272,0,0,0,0,0,0.0596747724899299,0,0.784832451499118,0,0,0,0,1.69827047301521,1.8417821434836,4.66606845276247,4.18629694440705,3.45326052039833,0.573634859349145,3.4840825249351,2.42171660283848,2.6413982717989,0,0.724275724275724,0.144092219020173,0,2.42584628955783,1.35699373695198,0.87426326129666,0.571902196435972,0.81870085101799,2.34367306745446,3.15860975885882,0,3.3809078146935,0,0.605164066702528,0.215544567009002,0.169204737732657,3.41555977229602
Corynebacterium,0,0,0,0.208082356806483,0,0,0,0,0,0,0,0,0,0,0,0,0,0,0,0,0,0,0,0,0,0,0,0,0,0,0,0,0,0,0,0,0,0,0,0,0,0,0,0,0.186596174778417,0.211360634081902,0,0,0,0,0,0,0,0,0,0.0394269943487975,0,0,0,0,0,0,0,0,0.0493339911198816,0,0,0,0,0,0,0.0410004100041,0,0,0,0,0,0,0,0,1.62784170642717,1.06990014265335,0,0,0,0,0,0,0,0.200583515681984,1.99840127897682,0,0,0,0,0,0,0,0,0,0.132275132275132,0,0,0,0.18362662586075,0,0.0526223469566743,0,0,0,0.0992829564258136,0,0,0,0,0,0,0,0,0,0,0,0,0,0,0,0,0,0,0,0,0
Coxiella,0,0,0,0,0,0,0,0,0,0,0,0,0,0,0,0,0,0,0,0,0,0,0,0,0,1.14003420102603,0,1.4168128457698,0,1.06367477779397,0,1.22983337741338,0,1.20505728960885,0,0.728660652324775,0,0,0,0,0,0,0,0,0,0,0,0,0,0,0,0,0,0,0,0,0,0,0,0,0,0,0,0,0,0,0,0,0,0,0,0,0,0,0.500974116337323,0,0,0,0,0,0,0,0,0,0,0,0,0,0,0,0,0,0,0,0,0,0,0,0,0,0.396825396825397,0,0,0,0,0,0,0,0,0,0,0,0,0,0,0,0,0,0,0,0,0,0,0,0,0,0,0,0,0,0,0
Dehalobacterium,0,0,0,0,0,0,0,0,0,0,0,0,0,0,0,0,0,0,0,0,0,0,0,0,0,0,0,0,0,0,0,0,0,0,0,0,0,0,0,0,0,0,0,0,0,0,0,0,0,0,0,0,0,0,0,0,0,0,0,0,0,0,0,0,0,0,0,0,0,0.0275747966358748,0,0,0,0,0,0,0,0,0,0,0,0,0,0,0,0,0,0,0,0,0,0,0,0,0,0,0,0,0,0,0,0,0,0,0,0,0,0,0,0,0,0,0,0,0,0,0,0,0,0,0,0,0,0,0,0,0,0,0,0,0,0
Deinococcus,0,0,0,0,0,0,0,0,0,0,0,0,0,0,0,0,0,0,0,0,0,0,0,0,0,0,0,0,0,0,0,0,0,0,0,0,0,0,0,0,0,0,0,0,0,0,0,0,0,0,0,0,0,0,0,0,0,0,0,0,0,0,0,0,0,0,0,0,0,0,0,0,0,0,0,0,0,0,0,0,0,0,0,0,0,0,0,0,0,0,0,0,0,0,0,0,0.0640102416386622,0,0,0,0,0,0,0,0,0,0,0,0,0,0,0,0,0,0,0,0,0,0,0,0,0,0,0,0,0,0,0,0,0,0,0
Delftia,0,0,0,0.208082356806483,0,0,0,0,0,0,0,0,0,0,0,0,0,0,0,0,0,0,0,0,0,0,0,0,0,0,0,0,0,0,0,0,0,0,0,0,0,0,0,0,0,0,0,0,0,0,0,0,0,0,0,0,0,0,0,0,0,0,0,0,0,0,0,0,0,0,0,0,0,0,0,0,0,0,0,0,0,0,0,0,0,0,0,0,0,0,0,0,0,0,0,0,0,0,0,0,0,0,0,0,0,0,0,0,0,0,0,0,0,0,0,0,0,0,0,0,0,0,0,0,0,0,0,0,0,0,0,0
Desulfovibrio,0,1.17002738361962,0,1.08421859599168,0,0.211661887204698,19.3353474320242,0.470360379055129,0,0,0,0,0,0,0,0.284171639670361,0.302855494663975,0.264842198190245,0,0.375637241749396,0,0.50828729281768,0.454817474566128,0,0,0.665019950598518,2.97762160162752,3.02253407097558,0.308844174075807,0.495410170479382,0,0.436392488759587,0,0.0395100750691426,1.32064754331156,0,0.192715359414145,0,0,0.19806338028169,0,2.73473108477666,2.00808813275694,0.367959241437872,0.466490436946043,0,4.18410041841004,0,0.539325842696629,0,0,0,0.316514615527835,0.455580865603645,0,0,1.03201347935973,0,1.19560683998332,0.338661609319967,0.812864463686164,0.246329687653956,0,0,1.28268376911692,1.02445895761301,1.15595982565852,0.496524329692155,2.39880059970015,0.137873983179374,0.522696011004127,0,0.296393874526593,0,0,0,0,0,0,0,0,0,0.25279884434814,0,0,1.11524163568773,0,0.945307224848076,0,0,0.687450039968026,0,0.388198757763975,0,0.613126947431903,0.247985120892746,0.336053768602976,0.0197530864197531,0.492316873041922,0,0.194003527336861,0,0,0.371681415929204,0.18362662586075,0.385496978537195,0.263111734783371,0.538392513780285,2.07295732938484,0.176678445229682,1.36789851075565,0,0.326650146429376,0.284760408483896,0.383099824868652,0.218531468531469,0.473445862494854,0,0.760833608997684,0,0.618860510805501,0.0663075010360547,0.506301842076915,0,0.87173100871731,0.282411084635072,0.467945718296678,0,1.12963959117805,0,0.430702968774035,0
Devosia,0,0,0,0,0,0,0,0,0,0,0,0,0,0,0,0,0,0,0,0,0,0,0,0,0,0,0,0,0,0,0,0,0,0,0,0,0,0,0,0,0,0,0,0,0.062198724926139,0,0,0,0,0,0,0,0,0,0,0,0,0,0,0,0,0,0,0,0,0,0,0,0,0,0,0,0,0,0,0,0,0,0,0,0,0,0,0,0,0,0,0,0,0,0,0,0,0,0,0,0,0,0,0,0,0,0,0,0,0,0,0,0,0,0,0,0,0,0,0,0,0,0,0,0,0,0,0,0,0,0,0,0,0,0,0
Dialister,0,0.62235499128703,0.0160590974787217,4.20545394808893,0,3.82356957531067,0,0.477277443452999,1.75566174942863,5.47214816893504,0,0,4.7700364298725,24.0562622815183,2.17756667884545,0.871459694989107,0.374963945774445,0.562789671154271,11.0296684118674,2.57579822913872,2.33267539924637,3.46961325966851,1.31657690005984,0,0.108412836079792,2.37507125213756,4.99352690956168,1.16043718796384,5.50304164716893,1.13652921462917,0.717738391680094,0,3.1345957011259,2.74595021730541,4.74297074694689,5.1353226925746,0,0,0,0,0,0.121543603767852,7.79528657091061,5.75997735635437,0.995179598818224,4.13474240422721,0,0.180806675938804,0,0,0,9.88034188034188,5.3342021969838,2.03492786636295,0,6.11118412406361,0.33698399326032,8.51364729175506,0.639510635339914,0.243836358710377,0.159038699416858,0.0591191250369495,1.49160190523941,0.1564401181992,30.6660088801184,1.42143680368805,0.587454993367444,1.02615028136379,21.4162149694384,1.46146422170136,0,1.12751127511275,0,0,3.86863345393821,0,0,0,0,0.0480692196763339,0.252596126859388,0.173221927858162,3.03358613217768,0,2.67426567295046,0.545229244114003,9.28686543110395,9.54760297096557,3.87547649301144,1.58643326039387,0.0479616306954436,18.1924122750227,3.07108350586611,0.157095479141211,0.080410091466479,0,1.23219715154425,0.118518518518519,0.223780396837237,0.197544800338648,0.917107583774251,0,0,0,0,0.281308605959575,0.342045255218383,2.44840405076272,0.753802665230852,2.48955991005461,1.95256480970767,0,1.05879702635729,1.01139041633936,0,1.07392607392607,1.38946068340881,6.31891433418151,3.37413165729408,1.05875335520429,1.73870333988212,0.256941566514712,0,0.0393894633185623,4.00769840371335,0.04412673197423,4.78474496958353,0,26.2237762237762,14.7838214783821,0.0384556222119674,2.33396584440228
Dorea,18.4149184149184,0,2.97093303356351,3.31836600591392,2.20490959870645,1.02417042195821,1.49743859188231,1.84685619423117,0.934967795553709,5.20555633506384,1.27989928661351,7.6302729528536,1.19535519125683,2.23394353087186,2.36024844720497,0.966183574879227,1.13931352754543,0.143456190686383,1.95462478184991,0,1.18428135654046,1.92265193370166,3.51885098743267,0.995316159250586,2.99219427580226,0.74102223066692,6.21416682078787,7.69126973417892,0.861020121665887,8.07227160134052,2.60729456569503,5.67310235387464,7.94524053224156,5.5116554721454,3.03890940073843,1.78695350451076,1.97533243399499,0,1.74505567558584,0,7.15922107674685,7.11030082041933,1.1156045181983,1.95301443532409,4.3383610635982,3.61955085865258,0,3.07371349095967,0,0,1.15092290988056,6.7008547008547,3.07205362129957,3.58390280941534,0,4.48153502431331,4.23336141533277,0,2.00194633671625,3.1292332701165,2.70365789008659,1.72430781357769,1.47906743544748,5.14514166521815,0,0.717121270329107,2.97517528898996,0.132406487917908,4.54388190520125,1.90266096787536,0,0,1.33377243536967,0,1.11327581408294,0,0.220523375477801,0.392156862745098,9.99636495819702,2.4034609838167,4.04153802975021,1.93600978194416,4.80317804261466,6.59109311740891,2.0604997807979,3.8909541511772,2.65914585012087,2.84942606347063,3.3142736128759,1.44055433989788,0,4.16936423669558,1.38026224982747,6.75510560307209,0.723690823198311,1.37277477637056,1.56825092014722,0,0,3.03372371948638,1.82539682539683,0,1.53908464965573,2.3716814159292,0,2.57345280266722,1.06998772145238,8.69119343673888,3.83631713554987,6.23193061355606,1.76503033645891,3.19715808170515,1.02500563189908,1.66928515318146,0,1.1988011988012,1.43062988884315,0,2.21634138273239,1.64032209961229,3.96856581532416,1.35101533360961,4.24431756975116,1.9891678975874,3.61145703611457,0,2.10575573233505,0,1.54653039268424,1.91454291872702,0.0922934933087217,4.81973434535104
Eggerthella,0,0,0,0.459971525572226,0,0.102417042195821,0.0262708524891633,0,0,0,0,0,0,0.0517116558072189,0.241139934234563,0,0.0721084511104702,0,0,0,0,0,0,0,0.0867302688638335,0.247007410222307,0,0.364323303197949,0,0,0.849567892192764,0.634752710923036,0,0,0,0,0,0,0,0,0.572737686139748,0.395016712245518,0,0,0,0,0,0,0,0,0,0,0.195494321355427,0,0,0,1.20050547598989,0,0,0,0.106025799611239,0,1.5793431937829,0.451938119242135,0,0.102445895761301,0.0758006443054766,0,0,0,0.46767537826685,0.498838321716551,0,0,0,0,1.24963246104087,0,0,0,0,0,0,0.518218623481781,0,0,0,0,0.0847098686997035,0,0.335731414868105,0,0,0,0,0.150562394827739,0.176028164506321,0,0.149186931224825,0,0.317460317460317,0.189603412861432,0.911300121506683,0,0,0,0,1.58953980258941,1.04993942657154,1.15644073241246,1.76503033645891,0,0,0.274941084053417,0,0.168581418581419,0.442568958419103,0,0.308744073216452,0,0.363457760314342,0.149191877331123,0,0,0,0.035301385579384,0,0.0833680700291788,0,0,0,1.21442125237192
Eikenella,0,0,0,0,0,0,0,0,0,0,0,0,0,0,0,0,0,0,0,0,0,0,0,0,0,0,0,0,0,0,0,0,0,0,0,0,0,0,0,0,0,0,0,0,0,0,0,0,0,0,0,0,0,0,0,0,0,0,0,0,0,0,0,0,0,0,0,0,0,0,0,0,0,0,0,0,0,0,0,0,0,0,0.216684723726977,0,0,0,0,0,0,0,0,0,0,0,0,0,0,0,0,0,0,0,0,0,0,0,0,0,0,0,0,0,0,0,0,0,0,0,0,0,0,0,0,0,0,0,0,0,0,0,0,0
Enterococcus,0,0,0,0,0,0,0.433469066071194,0,0.519426553085394,0,0,0,0,0,0.160759956156376,0,0,0,0,0.536624631070566,0,3.13812154696133,0,0,0,0.72202166064982,0,0,0,0,0,0,0,0,0,1.09299097848716,0,0,0,0,0,0,0,0,0,0.383091149273448,3.92259414225941,0,2.80898876404494,0,2.41042345276873,0,0.195494321355427,0,0,0.249704297542384,0,0,0,0,1.20162572892737,0,0,0,0.592007893438579,0,0,0,0.149925037481259,0,1.70563961485557,0,0.493989790877655,0.420484498556546,2.7275257445032,0.569139966273187,0.690973243163775,0,1.27226463104326,0,0,0.713266761768902,0,0,0.811047786058746,0,0,1.06684672518569,0,0,0,0,0,3.8052016058649,0.412101718765705,0,0,1.35308641975309,1.02938982545129,1.12882743050656,0.185185185185185,0,1.13406237343054,1.16814159292035,72.0964039785769,0.260470931444051,0,0.781951031918985,0,0,0.353006067291782,0,0,0.510604870384918,0.908493870402802,0,3.0465212021408,3.35029686174724,1.52166721799537,0,0,0,0,0,0,0,0,0,0,0,0,0
Epulopiscium,0,0,0,0,0,0,0,0,0,0,0,0,0,0,0,0,0,0,0,0,0,0,0,0,0,0,0,0,0,0,0,0,0,0,0,0,0,0,0,0,0,0,0,0,0,0,0,0,0,0,0,0,0.22342208154906,0,0,0,0,0,0,0,0,0,0,0,0,0,0,0,0,0,0,0,0,0,0,0,0,0,0,0,0,0,0,0,0,0,0,0,0,0,0,0,0,0,0,0,0,0,0,0.747848172710597,0.282186948853616,0,0,0,0,0,0,0,0,0,0,0,0,0,0,0,0,0,0,0,0,0,0,0,0,0,0,0,0,0,0,0
Ethanoligenens,0,0,0,0,0,0,0,0,0,0,0,0,0,0,0,0,0,0,0,0,0,0,0,0,0,0,0,0,0,0,0,0,0,0,0,0,0,0,0,0,0,0,0,0,0,0,0,0,0,0,0,0,0,0,0,0,0,0,0,0,0,0,0,0,0,0,0,0,0,0,0,0,0,0,0,0,0,0,0,0,0,0,0,0,0,0,0,0,0,0,0,0,0,0,0,0,0,0,0,0,0,0,0,0,0,0,0,0,0,0,0,0,0,0,0.0328371278458844,0,0,0,0,0,0,0,0,0,0,0,0,0,0,0,0,0
Faecalibacterium,0,1.81727657455813,8.70403083346716,3.51549665973059,11.9653094223137,4.39027720879421,5.76645212137134,1.12056443245487,3.0334510700187,7.95566156868247,1.42677297524129,0,3.16484517304189,3.85768952321853,1.61490683229814,2.06498058160462,1.97577156042688,0,0,1.0866648779179,17.638614749686,2.34254143646409,9.52722920406942,7.28922716627635,12.2289679098005,8.22724681740452,11.3741446273349,9.2700040480367,4.66073935423491,2.87046481130701,5.88838435623261,5.88468659084898,9.19907881269191,18.5894903200316,7.11445612042034,3.33102012491325,7.35209096164964,27.748938178386,0,0,14.7193585337915,2.61318748100881,9.03639659740622,9.18482875742995,1.89706111024724,8.30911492734478,2.40585774058577,10.3477051460362,0,0,0,4.1025641025641,4.82219326010054,5.78587699316629,0,22.7362334078065,0,5.28920944703719,11.5389962463506,17.1362774315904,0,0,0,0,2.36803157375432,2.04891791522602,2.36877013454614,12.6448195961602,11.2328451159036,7.14187232869158,6.65749656121045,0.601339346726801,0,0,5.95602560534372,0.516441821247892,0,5.24509803921569,4.07124681933842,0,3.1434184675835,0.68269818626452,6.66305525460455,31.5465587044534,10.7847435335379,7.43494423791822,12.5100725221595,7.99459824442944,9.42397289284202,8.33333333333333,4.1726618705036,6.00802796840606,5.30538302277433,0,1.71876570509599,2.1167301390488,0,0.918518518518519,0,0.776068858473261,11.2522045855379,0,0,36.1592920353982,0,2.90685559491561,2.32415365725311,19.484681451096,10.5397765513528,0,5.43849972421401,18.7047410848477,3.89727416084704,5.32207384131972,0.722416812609457,2.11038961038961,1.30712227254014,3.81679389312977,11.8866468188334,2.40083507306889,2.4950884086444,1.40074595938666,5.53700312399009,10.9207287050714,20.3668062945772,2.70938134321772,25.4913430042115,3.14297624010004,3.72512103281334,16.9519462406492,0.976772804183972,0
Finegoldia,0,0,0,0,0,0,0,0,0,0,0,0,0,0,0,0,0,0,0,0,0,0,0,0,0,0,0,0,0,0,0,0,0,0,0,0,0,0,0,0,0,0,0,0,0,0,0,0,0,0,0,0,0,0,0,0,0,0,0,0,0,0,0,0,0,0,0,0,0,0,0,0,0,0,0,0,1.17612466921494,0,0,0,0,0,0.180570603105814,0,0,0,0,0,0,0,0,0,0,0,0,0,0,0.82962962962963,0,0,0,0,0,0,0,0,0,0,0,0,0,0,0,0,0,0,0,0,0,0,0,0,0,0,0,0,0,0,0,0,0,0
Flavobacterium,0,0.0746825989544436,0,0,0,0,0,0,0,0,0,0,0,0,0,0,0,0,0,0,0,0,0,0,0,0,0,0,0,0,0,0,0,0,0,0,0,0,0,0,0,0,0,0,0,0,0,0,0,0,0,0,0,0,0,0,0,0,0,0,0,0,0,0,0,0,0,0,0,0,0,0,0,0,0,0,0,0,0,0,0,0,0,0,0,0,0,0,0,0,0,0,0,0,0,0,0,0,0,0,0,0,0,0,0,0,0,0,0,0,0,0,0,0,0,0,0,0,0,0,0,0,0,0,0,0,0,0,0,0,0,0
Flexispira,0,0,0,0,0,0,0,0,0,0,0,0,0,0,0,0,0,0,0,0,0,0,0,0,0,0,0,0,0,0,0,0,0,0,0,0,0,0,0,0,0,0,0,0,0,0,0,0,0,0,0,0,0,0,0,0,0,0,0.166828861393021,0,0,0,0,0,0,0,0,0,0,0,0,0,0,0,0,0,0,0,0,0,0,0,0,0,0,0,0,0,0,0,0,0,0,0,0,0,0,0,0,0,0,0,0,0,0,0,0,0,0,0,0,0,0,0,0,0,0,0,0.132318888521336,0,0.0982318271119843,0,0,0,0.113211819313936,0,0,0,0,0,0,0
Fusobacterium,1.94250194250194,0.398307194423699,0,0,0,0,0,0,0,0,0,0,0,0,0,0,0,0,0,0,1.0586757581195,0.30939226519337,0,0,0,0,0,0,0,0,0.13182950051267,0,0,0,0,0,0,0,0,0,0,0,0,0,0.264344580936091,0,0,0,2.89887640449438,0,4.3213897937025,0,0,0,0,0,0,0,0,0,1.59038699416858,0,1.34118826773627,0,0,0,0.397953382603752,0,0,0,2.86107290233838,0,0,0,0,0,0,0,0,0,0,0,4.53232213795594,0,0,0,0,0,0,0,0,0,0,0,0,0,0,0,0,0,0,0,0,0,0,0,0,0,0,0,0,0,0.0337913944582113,0,0,0,1.01893783449979,0,0,0,0,0,0,0,0,0,0,0,0,0,0,0
Gemmata,0,0,0,0,0,0,0,0,0,0,0,0,0,0,0,0,0,0,0,0,0,0,0,0,0,0,0,0,0,0.0728544368352033,0,0,0,0,0,0,0,0,0,0,0,0,0,0,0,0,0,0,0,0,0,0,0,0,0,0,0,0,0,0,0,0,0,0,0,0,0,0,0,0,0,0,0,0,0,0,0,0,0,0,0,0,0,0,0,0,0,0,0,0,0,0,0,0,0,0,0,0,0,0,0,0,0,0,0,0,0,0,0,0,0,0,0,0,0,0,0,0,0,0,0,0,0,0,0,0,0,0,0,0,0,0
Gemmiger,0,0.572566591984068,1.4774369680424,3.1540904610667,6.40893723357342,1.33142154854568,4.57112833311441,1.37649581517604,1.63099937668814,5.64052195874842,0,0,2.35655737704918,3.70255455579688,0,0,1.67291606576291,0,0.785340314136126,0.469546552186745,1.5072671810515,0,3.61460203470975,0,2.99219427580226,1.02603078092343,2.03439985204365,8.77074618809877,0,0,3.96953273765929,7.89473684210526,2.72517911975435,0.691426313709996,2.79750071002556,3.74739764052741,1.83079591443438,5.99339310995753,0,0,0,0,3.40259378050481,6.67987545994905,2.239154097341,6.42007926023778,0,5.61891515994437,0,0,0,2.34188034188034,1.22882144851983,1.19969627942293,0,1.41937179655671,0,0.395983594965351,2.71096899763659,5.81143321593064,0.141367732814985,0,0,0,2.44696595954613,1.67755154309131,2.53932158423347,6.12380006620324,0.518971283588975,1.39252723011168,0,0,0,0,0,0,0,0,0,0,0,0,3.34055615745757,0,1.73169662428759,6.74101610904585,1.73247381144239,3.29507089804186,2.23422278695468,2.00583515681984,0,2.87453062281497,1.19047619047619,0,0,0.301124789655478,0,0,0,0,0,0,0,0,0,0.864763492394249,0.280652517102263,1.56390206383797,2.43639790012115,0,1.87534473248759,0,0,0.284760408483896,0,0.786713286713287,0,0,0.529275554085346,1.67014613778706,0,0,0,1.03397341211226,3.84920185667384,1.29732592004236,2.86616752456715,0,2.7568585260893,3.99391403575504,0,1.78368121442125
Granulicatella,2.25330225330225,1.46875777943739,0.353300144531877,0.0766619209287044,0,0,0,0,0,0,0,0,0,0.206846623228876,0,0,0.0865301413325642,0,0,0.442715320633217,0,0,0,0,0,0.874026220786624,0.462363602737193,0.566725138307921,0.973327094057089,0.160279761037447,1.50871539475612,0.251256281407035,0.690890481064483,0,0.695825049701789,0,0.501059934476778,0,0,1.95862676056338,0,0.546946216955333,0,0.438720634022078,1.4772197169958,0,7.89748953974895,0,1.61797752808989,0,2.51900108577633,0,0,0,0,0,0,0.692971291189365,0,0.663776754267136,0,1.78342693861464,0.40110303334169,0.730053884929602,0.355204736063148,0,2.14136820162971,0,0,0.275747966358748,0,0,0.708052033591306,0,0,0,0,0,0,1.13763819900657,1.4313780522032,0.713266761768902,0,0,0,0,0.765511684125705,0,0,0.474106491611962,2.5259792166267,0,0,0,0.613126947431903,0,1.10417666826692,3.31851851851852,0,1.04416537321857,0.229276895943563,1.07441933954811,0,0,1.00994644223412,0,0.456060340291177,0,0,0.353356890459364,1.95256480970767,0,0.608245100247804,0.589159465828751,0,0.106143856143856,0.7616303005352,0,0,0,0,0,0,0.206794682422452,0,0.04412673197423,0,0.225093789078783,0.511027434104357,0.443768226195004,0.392247346562067,0
Haemophilus,4.11810411810412,0.970873786407767,0,0,0,0,0,0,0,1.31892802020485,0,0,0,0,0.233832663500183,0.322061191626409,0,0,3.00174520069808,1.15374295680172,8.45146240803876,0.287292817679558,0.454817474566128,9.13348946135831,0,6.46019380581417,0,2.67170422345163,0.496022461394478,0,0,0.62152869611214,2.34135107471853,0,0,0,0.433609558681827,0.401132609721567,0,13.7984154929577,0,3.00820419325433,2.24515409287408,0,0,0.409511228533686,1.72594142259414,5.0904033379694,3.70786516853933,0,2.97502714440825,0.358974358974359,0.633029231055669,0.607441154138193,0,1.40622946510711,0,0,3.57291811483387,0.270929287455974,0.388761265241209,0,0,0.191204588910134,6.01874691662556,0.384172109104879,6.65150653780557,0,1.76450236420251,0,0,0,0,0.0878624325342036,5.23239632618981,0,0,0.294117647058824,1.85387131952017,0,0,0,0,0,0,0,0,0,0,2.5528811086798,5.37170263788969,0,0,0,2.45250778972761,1.50562394827739,1.98431749079853,0,0.134268238102342,2.45519966135177,0,0,3.62494937221547,0.707964601769911,0,0.51052302563034,1.54358884406245,0,0.161529142549468,0,10.6784335355764,0.669490367536549,0.236539761207479,0.324037706205813,0.262697022767075,0.118631368631369,0,0,0.0551328702172235,0,0,0,0,0.34465780403742,0,0,0,0,0,1.29326740205401,0.0999846177511152,0
Haliangium,0,0,0,0,0,0,0,0,0,0,0,0,0,0,0,0,0,0,0,0,0,0,0,0,0,0,0,0,0,0,0,0.0793440888653795,0,0,0,0,0,0,0,0,0,0,0,0,0,0,0,0,0,0,0,0,0,0,0,0,0,0,0,0,0,0,0,0,0,0,0,0,0,0,0,0,0,0,0,0,0,0,0,0,0,0,0,0,0,0,0,0,0,0,0,0,0,0,0,0,0,0,0,0,0,0,0,0,0,0,0,0,0,0,0.0441257584114727,0,0,0,0,0,0,0,0,0,0,0,0,0,0,0,0,0,0,0,0,0
Helicobacter,0,0,0,0,0,0,0,0,0,0,0,0,0,0,0,0,0,0,0,0,0,0,0,0,0,0,0,0,0,0,0,0,0,0,0,0,0,0,0,0,0,0,0,0,0.0310993624630695,0,0.366108786610879,0,0,0,0,0,0,0,0,0,0,0,0,0,0,0,0,0,0,0,0,0,0,0,0,0,0,0,0,0,0,0,0,0,0,0,0,0,0,0,0,0,0,0,0,0,0,0,0,0,0,0,0,0,0,0,0,0,0,0,0,0,0,0,0,0,0,0,0,0,0,0,0,0,0,0.0663075010360547,0,0,0,0,0,0,0,0,0,0
Holdemania,0,0,0,0,0,0,0,0,0.0415541242468315,0,0,0,0,0,0,0,0,0,0,0,0.143549255338238,0,0,0,0,0,0,0,0,0,0,0,0,0,0,0,0,0,0,0,0,0,0,0,0,0.343461030383091,0,0,0,0,0,0,0.698194004840812,0.85041761579347,0,0,0,0.919247631169566,0,0.0677323218639935,0,0,0.551516670844823,0.382409177820268,0,0,0,0,0,0,0,0,0,0,0,0,0,0,0,0,0,0,0,0,0,0,0,0,0,0,0,0,0.077639751552795,0,0,0,0,0,0,0,0,0,0,0,0,0,0,0,0,2.29681978798587,0.110314396028682,0,0,0,0,0,0,0,0,0,0.481335952848723,0.0663075010360547,0,0,0,0,0,0,0,0,0,1.23339658444023
HTCC,0,0,0,0,0,0,0,0,0,0,0,0,0,0,0,0,0,0,0,0,0,0,0,0,0,0,0,0,0,0,0,0,0,0,0,0,0,0,0,0,0,0,0,0,0,0,0,0,0,0,0,0,0,0,0,0,0,0,0,0,0,0,0,0,0,0,0,0,0,0,0,0,0,0,0,0,0,0,0,0,0,0,0,0,0,0,0,0.0270087778528022,0,0,0,0,0,0,0,0,0,0,0,0,0,0,0,0,0,0,0,0,0,0,0,0,0,0,0,0,0,0,0,0,0,0,0,0,0,0,0,0,0,0,0,0
Hydrogenophaga,0,2.58899676375405,0,0,0,0.157039464700259,0,0,0,0,0,0,0,0,0,1.4966373022639,0.317277184886069,1.1366144338998,0,0,0,0.265193370165746,0.383004189108318,0,0,0,0.591825411503606,1.83510997166374,1.15114646700983,0.247705085239691,0,1.36207352552235,2.20061412487206,0,0.880431695541039,0,0.80940450953941,0,0,0,0,5.53023397143725,2.73323106958583,0.254741013303142,0.310993624630695,2.15323645970938,7.84518828451883,0,0.584269662921348,0,0,0,1.4894805436604,0,0,0,0,0,2.15487279299319,0,0,0.16750418760469,0,0.347644707109334,0.148001973359645,0.294531950313741,1.80026530225507,0.66203243958954,0.184523123053858,0,0,0,0,0,0,0,0,4.6078431372549,0,0.256369171607114,0,0.0815162013450173,0,0,0,0,0,2.37677245104659,0,0,3.54916067146283,0,0,0,0.231179012966127,1.31963510760783,0,1.35308641975309,0,0,0,0,0,0.265486725663717,0,0,1.24539554464129,0.179464171260095,2.01911428186835,0,1.04798676227248,0,0.202748366749268,0,0,0,0.226430629888843,0,0,0,0,0,0,0,0,0,0,0.0917048770320967,2.1382463690156,0.329656396602003,0.115366866635902,0
Jiangella,0,0,0,0,0,0,0,0,0,0,0,0,0,0,0,0,0,0,0.0523560209424084,0,0,0,0,0,0,0,0,0,0,0,0,0,0,0,0,0,0,0,0,0,0,0,0,0,0,0,0,0,0,0,0,0,0,0,0,0,0,0,0,0,0,0,0,0,0,0,0,0,0,0,0,0,0,0,0,0,0,0,0,0,0,0,0,0,0,0,0,0,0,0,0,0,0,0,0,0,0,0,0,0,0,0,0,0,0,0,0,0,0,0,0,0,0,0,0,0,0,0,0,0,0,0,0,0,0,0,0,0,0,0,0,0
Klebsiella,0,4.25690814040329,0,0,0,0,0,0,0,11.7440718394837,0,0,0.910746812386157,0.258558279036095,0,0,0,0.286912381372765,1.60558464223386,0,0,0,0,0,0,11.9703591107733,0,0,0,0.597406382048667,0,0,0.626919140225179,0,0,0,0.414338022740412,0,0,0,6.01374570446735,3.25129140079003,1.14349463115326,0,0.684185974187529,0,12.081589958159,0,0,0,0,0,0,0,0,0,1.74810446503791,0,0,0,0,0,0,0,0,0,9.03922683342808,0,0,0,0,0,0,1.36814359231831,0,4.37394603709949,0,0,0,1.89072264060247,0,0,0,0,0,0,0,0.391627278865631,0,0,0,0,0.250172532781228,0,0,0,2.22435589694351,0.819753086419753,0,0,0,3.95007110127982,0,0,0,0,0,0.833226509421869,0,0,0.882515168229454,0,0,0,0,0,0,2.96861747243427,0.992391663910023,0,0,0,0,0,0,0,0,0,0,0,0,0
Lachnobacterium,0,0,0,0,0,0,0,0,0,0,0,0,0,0,0,0,0,0,0,0,0,0,0,0,0,0,0,0,0,0,0,0,0,0,0,0,0,0,0,0,0,0,0.153395621252266,0,0,0,0,0,0,0,0,0,0,0,0,0,0,0,2.11316557764493,0,0,0,0,0,0,0,0,0,1.63764271710299,0,0,0,0,0,0,0,0,0,0,0,0,0,0,0,0,0,0,0,0,0,0,0,0,0,0,0,0,0,0,0,0,0,0,0,0,0,0,0,0,0,0,0,0,0,0,0,0,0,0,0,0,0,0,0,0,0,0,0,0,0,0,0
Lachnospira,0,1.61812297734628,0.963545848723302,0.383309604643522,7.52609143025136,0,0.0656771312229082,0,3.39704965717847,2.38529535568963,0,0,1.85564663023679,0,0.277676287906467,0,2.06230170175945,0.264842198190245,0,0.912261872819963,0,1.19337016574586,1.80730101735488,9.16276346604215,1.26843018213356,1.57704731141934,0,0.823100796113885,1.04819840898456,0.553693719947545,0,1.44141761438773,1.36898669396111,0,2.48508946322068,0,1.4646367315475,2.17083529966966,0,0.440140845070423,0,0,0.794868219216288,0,1.46167003576427,0,0,2.92072322670376,0.202247191011236,0,0,0,1.12641966114318,0.485952923310554,10.3337354242059,4.06098041792614,0,0,0,1.99133026280141,0,0.0197063750123165,1.85510152920531,0,0.868278243709916,3.31668587527212,0,1.02615028136379,2.05281974397417,2.90914104508479,0,0,0,0,5.53854717506262,0,3.14613349014996,0,5.16175936023264,0,0,0,3.7919826652221,0,10.9820254274441,2.77571251548947,0,1.2153950033761,0.0423549343498518,3.40991976659373,1.40687450039968,0.543830117829859,0,0,0,0.549109910548224,0,0,0,0,0.246913580246914,0,0,0,0,1.47947489060221,0.929661462901245,0.205101910011537,1.0230179028133,0,0,0,0.473079522414958,0.471327572663001,0,0.88036963036963,0,1.22985581000848,0,0,0.972495088408644,0.140903439701616,0,0,1.43779010528699,0,1.33364529714553,0,0.658956428187197,0,0.407629595446854,0
Lactobacillus,0,3.11177495643515,0,0.755667506297229,0,0.314078929400519,0,0.283599640312651,0,0.350778728777887,0,0.86848635235732,0.0796903460837887,0.475747233426414,0.482279868469127,1.29771715449465,1.687337755985,0.485544030015449,1.09947643979058,0.16098738932117,0.610084335187511,1.23756906077348,1.92698982645123,0,0,2.73608208246247,0.96171629369336,0.337336391849953,0.570893776321947,1.48623051143815,0.981397392705434,0.846336947897382,2.1878198567042,4.20782299486369,0.170406134620846,0.850104094378904,0.982848333012141,0,0,1.32042253521127,5.78465063001145,3.09936189608022,2.34276948821643,1.45768468723464,1.52386876069041,0.805812417437252,5.85774058577406,0,3.52808988764045,0,0,11.3504273504273,0.902997579594117,0.592255125284738,0.361881785283474,1.94506505454068,1.55855096882898,2.88502333474756,0.917558737661615,1.58493633161745,1.4490192613536,1.6750418760469,0.325896214590123,2.48565965583174,3.9171188949186,47.1763349980791,4.6048891415577,6.22310493214168,0.334448160535117,1.59933820488074,2.8060522696011,2.67186005193385,1.87716120533509,3.35132421237605,0.222655162816588,6.45025295109612,3.91061452513966,13.2598039215686,0,0.176253805479891,0.252596126859388,0.295496229875688,0,0,0.0657606313020605,1.14002478314746,0,2.18771100607697,3.30368487928844,4.72283005105762,1.31095123900879,0,0.327812284334023,0.558561703613196,4.44265755352297,3.00239128509432,3.45655304848776,4.94814814814815,0.164105624347307,1.8061238888105,1.04056437389771,0.837415073471322,0.587282300526529,1.82300884955752,1.16296863045142,5.33444467597416,4.02560954218558,3.48673247019613,0,1.18856408609059,2.49310535024821,0,2.90605992340617,1.80675569520817,1.44483362521891,0.387112887112887,49.3104158089749,31.5521628498728,3.58363656411953,2.0131225767969,1.16895874263261,1.42561127227518,0.118496175805235,1.81191531265386,2.95482848409374,14.3676639308093,1.07627515208236,17.0904543559817,1.92307692307692,1.26790921770001,59.3293339486233,4.21252371916508
Lactococcus,0,0,0,0,0,0,0,0,0,0,0,0,0,0,0,0,0.0288433804441881,0,0,0,0,0,0,0,0,0,0,0,0,0,0,0,0,0,0,0,0,0,0,0,0,0,0,0,0,0,0,0,0,0,0,0,0,0,0,0,0,0,0,0,0,0,0,0,0,0,0,0,0,0,0,0,0,0,0,0,0,0,0,0.0320461464508893,0,0,0,0,0,0,0,0,0,0,0,0,0,0,0,0,0,0,0,0,0,0,0,0,0,0,0,0,0,0,0,0,0,0,0,0,0,0,0,0,0,0,0,0,0.0339635457941809,0,0,0,0,0,0,0
Legionella,0,0,0,0,0,0,0,0,0,0,0,0,0,0,0,0,0,0,0,0,0,0,0,0,0,0,0,0,0,0,0,0,0,0,0,0,0,0,0,0,0,0,0,0,0,0,0,0,0,0,0,0,0,0,0,0,0,0,0.0278048102321702,0,0,0,0,0,0,0,0,0,0,0,0,0,0,0,0,0,0,0,0,0,0,0,0,0,0,0,0,0,0,0,0,0,0,0,0,0,0,0,0,0,0,0,0,0,0,0,0,0,0,0,0,0,0,0,0,0,0,0,0,0,0,0,0,0,0,0,0,0,0,0,0,0
Leptotrichia,0,0,0,0,0,0,0,0,0,0,0,0,0,0,0,0,0,0,0,0,0,0,0,0,0,0,0,0,0,0,0,0,0,0,0,0,0,0,0,0,0,0,0,0,0,0,0,0,0.51685393258427,0,0.608034744842562,0,0,0,0,0,0,0,0,0,0,0,0,0,0,0,0.113700966458215,0,0,0,0,0,0,0,0,0,0,0,0,0,0,0,0,0,0,0,0,0,0,0,0,0,0,0,0,0,0,0,0,0,0,0,0,0,0,0,0,0,0,0,0,0,0,0,0,0,0.339645944833265,0,0,0,0,0,0,0,0,0,0,0,0,0,0,0
Leuconostoc,0,0,0,0,0,0,0,0,0,0,0,0,0,0.206846623228876,0,0,0,0,0,0,0,0,0,0,0,0,0,0,0,0,0,0,0,0,0,0,0,0,0,0,0,0,0,0,0,3.1439894319683,0,0,0,0,0,0,0,0,0,0,0,0.0707113562438128,0,0.0541858574911948,0,1.03458468814662,0,0,0,0,0.246352093992799,0,0,0,0,0,0,0.0439312162671018,0,0.0632377740303541,0,0,0,0.592853709341452,0,0,0,0,0,0,0,0.675219446320054,0,0,0,0,0,0,0,0,0,0,0,0,0,0,0,0,0,0,0,0,0,0,0,0,0,0,0,0,0,0,0.297717499173007,0,0,0,0,0,0,0,0,0,0.0941366325981711,0,0,0
Lysinibacillus,0,0,0,0,0,0,0,0,0,0,0,0,0,0,0,0,0,0,0,0,0,0,0,0,0,0,0,0.121441101065983,0,0,0,0,0,0,0,0,0,0,0,0,0,0,0,0,0,0,0,0,0,0,0,0,0,0,0,0,0,0,0,0,0,0,0,0,0,0,0,0,0,0,0,0,0,0,0,0,0,0,0,0,0,0,0,0,0,0,0,0,0,0,0,0,0,0,0,0,0,0,0,0,0,0,0,0,0,0,0,0,0,0,0,0,0,0,0,0,0,0,0,0,0,0,0,0,0,0,0,0,0,0,0,0
Lysobacter,0,0,0,0,0,0,0,0,0,0,0,0,0,0.0517116558072189,0,0,0,0,0,0,0,0,0,0,0,0,0,0.0674672783699905,0,0,0,0,0,0,0,0,0,0,0,0,0,0,0,0,0,0,0,0,0,0,0,0,0,0,0,0,0,0,0,0,0,0,0,0,0,0,0,0,0,0,0,0,0,0,0,0,0,0,0,0,0,0,0,0,0,0,0,0,0,0,0,0,0,0,0,0,0,0,0,0,0,0,0,0,0,0,0,0,0,0,0,0,0,0,0,0,0,0,0,0,0,0,0,0,0,0,0,0,0,0,0,0
Marinimicrobium,0,0,0,0,0,0,0,0,0,0,0,0,0,0,0,0,0,0,0,0,0,0,0,0,0,0,0,0,0.0561534861956013,0,0,0,0,0.0790201501382853,0,0,0,0,0,0,0,0,0,0,0,0,0,0,0,0,0,0,0,0,0,0,0,0,0,0,0,0,0,0,0,0,0,0,0,0,0,0,0,0,0,0,0,0,0,0,0,0,0,0,0,0,0,0,0,0,0,0,0,0,0,0,0,0,0,0,0,0,0,0,0,0,0,0,0,0,0,0,0,0,0,0,0,0,0,0,0,0,0,0,0,0,0,0,0,0,0,0
Massilia,0,0,0,0,0,0,0,0,0,0,0,0,0,0,0,0,0,0,0,0,0,0,0,0,0,0,0,0,0,0,0,0,0,0,0,0,0,0,0,0,0,0,0,0,0,0,0,0,0,0,0,0,0,0,0,0,0,0,0,0,0,0,0,0,0,0,0,0,0,0,0,0,0,0,0,0,0,0,0,0,0,0,0,0,0,0,0,0,0,0,0,0,0,0,0,0,0,0,0,0.14110342881332,0,0,0,0,0,0,0,0,0,0,0,0,0.0563189907636855,0.0785545954438335,0,0,0,0,0,0,0,0,0,0,0,0,0,0,0,0,0,0
Megamonas,0,0.298730395817774,0,0.405213010623152,0,0,0,0,2.02576355703304,0,62.4842635333613,0,5.22540983606557,5.14013858723756,0,0.407312683527517,44.7072396884915,84.1536084749503,0.715532286212914,0.724443251945264,0,1.19337016574586,1.92698982645123,2.07845433255269,1.79965307892454,0,2.95912705751803,0,0,0,2.54870367657829,0,1.20266120777892,6.77597787435796,0.62482249360977,0,0,0,0,0,1.77548682703322,0.668489820723184,1.5060660995677,7.37333710727427,0.606437568029855,0,0,0,0,0,0,0,0,0.895975702353835,0,0,0,0,0,0,0,0,8.28528453246428,7.56127237962802,0,0,1.30756111426947,0,2.57179102756314,4.24651868192472,0,0,0.559855096328009,0,0.417478430281102,0,0,1.17647058823529,5.59796437659033,5.72023714148374,0,4.75850825351539,0,0,0,0,0,0.324105334233626,0,9.17213712618527,11.0951239008793,0.246018386637317,0.336438923395445,0,0.190973967232888,0.37197768133912,1.08817410785726,0.82962962962963,0.745934656124124,0.522082686609285,0.864197530864197,12.4032232580186,18.8537869582827,0,0,0.177120233381955,0,0,0,0,0,0,0.42802432980401,0.490966221523959,0,0.206043956043956,0,0,0,0,0,0,2.89777011741894,5.81979320531758,0,0,0,0,0.470683162990855,0,0.223042608829411,0
Megasphaera,0,0,0,0,0,0,0,0.788545341357128,0,0,0,0,4.43989071038251,3.27851897817768,0,0,0.0576867608883761,0.926947693665857,0,0,0.394760452180154,5.14917127071823,0.598444045481747,0,0,0,0,1.33585211172581,1.3102480112307,5.20180679003351,0,0.0264480296217932,0,0,0,0.728660652324775,0,0,0,0,0,0,3.51415423232464,2.0945372204925,0.108847768620743,4.45178335535007,0,0,0,0,0,0,0,0,3.07599517490953,0,1.74810446503791,0.650544477443077,0,0.270929287455974,0,0.384274312740171,5.45249435948859,0,0.365071534287124,0,1.5349630471859,0,2.89470649290739,0,0,1.9816864835315,0.11526428453812,0,0,0,0,0,1.19956379498364,0,0,0,0,0,3.17843051293292,5.52664188351921,0,0,0,0,0.367705835331735,0,0,0,0,0,2.72043526964314,0.316049382716049,0,0,0,1.94343498182967,0.283515593357635,0,0,0,0,0,0,0,0.0882515168229454,0,0,0.147289866457188,0,0.2997002997003,0.658707286949362,0,0,0.149120190873844,0,0.132615002072109,0,0,3.96241367598777,0.979613449827906,5.89611605053814,0,0.121032813340506,0,2.72265805260729,0
Mesorhizobium,0,0,0,0,0,0,0,0,0,0,0,0,0,0,0,0,0,0,0,0,0,0,0,0,0,0,0,0,0,0,0,0.555408622057657,0,0,0,0.190839694656489,0,0,0,0,0,0,0,0,0,0,0,0,0,0,0,0,0,0,0,0,0,0,0,0,0,0,0,0,0,0,0,0,0,0,0,0,0,0,0,0,0,0,0,0,0,0,0,0,0,0,0,0,0,0,0,0,0,0,0,0,0,0,0,0,0.149911816578483,0,0,0,0,0,0,0,0,0,0,0,0,0,0,0,0,0,0,0,0,0,0,0,0,0,0,0,0,0,0,0
Methanobrevibacter,0,0,0,0,0,0,0,0,0,0,0,0,0,0,0,0,0,0,0,0,0,0,0,0,0,0,0,0,0,0,0,0,0,0,0,0,0,0,0,0,0,0,0,0,0,0,0,0,0,0,0,0,0,0,0,0,0,0,0,0,0,0,0,0,0,0,0,0,0.138392342290393,0.289535364676686,0,0,0,0,0,0,0,0,0,0,0,0,0,0,0,0,0,0,0,0,0,0,0,0,0,0,0,0,0,0,0,0,0,0,0,0,0,0,0,0,0,0,0,0,0,0,0,0,0,0,0,0,0,0,0,0,0,0,0,0,0,0
Methylobacterium,0,0,0,0.0547585149490746,0,0,0,0,0,0,0,0,0,0.0310269934843314,0,0,0,0,0,0,0,0,0,0,0,0,0,0,0,0,0,0.528960592435863,0,0,0,0,0,0,0,0,0,0,0,0,0,0,0,0,0,0,0,0,0,0,0,0,0,0,0,0,0,0,0,0,0,0,0,0,0,0,0,0,0,0,0.055663790704147,0,0,0,0,0,0,0,0,0,0,0,0,0,0,0,0,0,0,0,0,0,0,0,0,0.112882743050656,0,0,0,0,0,0,0,0,0,0,0,0,0,0,0,0,0,0,0,0,0,0,0,0,0,0,0,0,0,0,0,0
Methyloversatilis,0,0,0,0,0,0,0,0,0,0,0,0,0,0,0,0,0,0,0,0,0,0,0,0,0,0,0,0.134934556739981,0,0,0,0,0,0,0,0,0,0,0,0,0,0.182315405651778,0.139450564774787,0,0,0,0.836820083682008,0,0,0,0,0,0.0651647737851424,0,0,0,0,0,0.125121646044766,0,0,0,0,0,0,0,0,0,0,0,0,0,0,0,0,0,0,0,0,0,0,0,0,0,0,0,0,0,0,0,0.159872102318145,0,0,0,0,0.106279337525463,0,0.0987654320987654,0,0,0,0,0,0,0,0,0,0,0,0,0.176503033645891,0,0,0,0,0,0,0,0,0,0,0,0,0,0,0,0,0,0,0,0,0
Microbulbifer,0,0.0497883993029624,0,0,0,0,0,0,0,0,0,0,0,0,0,0,0,0.0110350915912602,0,0,0,0,0,0,0,0,0,0,0.0280767430978007,0,0,0.0925681036762761,0,0,0,0,0,0,0,0,0,0,0,0,0,0,0,0,0,0,0,0,0,0,0,0,0,0,0,0,0,0,0,0,0,0,0,0,0,0,0,0,0,0,0,0,0,0,0,0,0,0,0,0,0,0,0,0,0,0,0,0,0,0,0,0,0,0,0,0,0,0,0,0,0,0,0,0,0,0,0,0,0,0,0,0,0,0,0,0,0,0,0,0,0,0,0,0,0,0,0,0
Mitsuokella,0,0,0,0,0,0,0,0,0,0,0,0,0,0,0,0,0,0,0,0,0,0,0,0,0,1.63404902147064,0,0,0,0,0,0,0,0,0,0,0,0,0,0,0,0,0,0,2.30135282226714,4.62351387054161,0,0,0,0,0,0,0,0,0,0,0,0,0,0,0,0,0,0,0,0,0,0,2.74478145542613,2.33007031573142,0,0,0,0,0,0,0,0,0,0,0,0,0,0,0,0,0,0,0,0,0,0,0,0,0,0,0,0,0,0,0,0,0,0,0,0,0,0,0,0,0,0,0,0,0,0,0,0,0,0,0,0,0,0,0,0,0,0,0,0,0,0
Mogibacterium,0,0,0,0,0,0,0,0,0,0,0,0,0,0,0,0,0,0,0,0,0,0,0,0,0,0,0,0,0,0,0,0,0,0,0,0,0,0,0,0,0,0,0,0,0,0,0,0,0,0,0,0,0,0,0,0,0,0,0,0,0,0,0,0,0,0,0,0,0,0,0,0,0.0493989790877655,0,0,0,0,0,0,0,0,0,0,0,0,0,0,0,0,0,0,0,0,0,0,0,0,0,0,0,0,0,0,0,0,0,0,0,0,0,0,0,0,0,0,0,0,0,0,0,0,0,0,0,0,0,0,0,0,0,0,0
Morganella,0,0,0,0,0,0,0,0,0,0,0,0,0,0,0.109609061015711,0.198920147769253,0,0,0,0,0,0,0,0,0,0,0,0,0,0,0,0,0,0,0,0,0,0,0,0,0,0,0,0,0,0,0,0,0,0,0,0,0,0,0,0,0,0,0,0,0,0,0,0,0,0,0,0,0,0,0,0,0,0,0,0,0,0,0,0,0,0,1.69736366919466,0,0,0,0,0,0,0,0,0,0,0,0,0,0,0,0,0,0.105820105820106,0,0,0,0,0,0,0,0,0,0,0,0,0,0,0,0,0,0,0,0,0,0,0,0,0,0,0,0,0,0,0
Mucispirillum,0,0,0,0,0,0,0,0.0968389015701736,0,0.210467237266732,0,0,0,0,0,0,0,0,0,0,0,0,0,0,0,0,0,0,0,0,0,0,0,0,0,0,0,0,0,0,0,0,0,0,0,0,0,0,0,0,0,0,0,0,0,0,0,0,0,0,0,0,0,0,0,0,0,0,0,0,0,0,0,0,0,0,0,0,0,0,0,0,0,0,0,0.223048327137546,0,0.216070222822417,0,0,0,0,0.0431331953071084,0,0.160820182932958,0,0,0,0,0,0,0,0,0,0,0,0,0,0,0,0,0,0,0,0,0,0,0,0,0,0,0,0,0,0,0,0,0,0,0,0,0
Mycobacterium,0,0,0,0,0,0,0,0,0,0,0,0,0,0,0,0,0,0,0,0,0,0,0,0,0,0,0,0.391310214545945,0,0.335130409441935,0,0.343824385083311,0,0.29632556301857,0,0.381679389312977,0,0,0,0,0,0,0,0,0,0,0,0,0,0,0,0,0,0,0,0,0,0,0,0,0,0,0,0,0,0,0,0,0,0,0,0,0,0,0,0,0,0,0,0,0,0,0,0,0,0,0,0,0,0,0,0,0,0,0,0,0,0,0,0,0,0,0,0,0,0,0,0,0,0,0,0,0,0,0,0,0,0,0,0,0,0,0,0,0,0,0,0,0,0,0,0
Neisseria,0,0,0,0.142372138867594,0,0,0,0,0,0,0,0,0,0,0,0,0,0,0,0,0,0,0,0,0,0,0,0,0.149742629854937,0,0,0,0,0,0,0,0,0,0,0,0,0.334244910361592,0,0,0,0,0,0,0,0,0,0,0.121020294172407,0,0,0,0,0,0,0,0,0,0,0,0,0,0.966458214894827,0,0,0,0,0,0,0,0,0,0,0,0,0,0,0,0,0,0,0,0,0.162052667116813,0,0,0,0,0,0,0,0.0797095031440971,0,0,0,0,0,0,0,0,0,0,0,0,0,0,0.0772200772200772,0,0,0,0,0,0,0,0,0,0,0,0,0,0,0,0,0,0,0.0887536452390009,0,0
Nitrobacteria,0,0,0,0,0,0,0,0,0,0,0,0,0,0,0,0,0,0,0,0,0,0,0,0,0,0,0,0,0,0,0,0,0,0,0,0,0,0,0,0,0,0,0,0,0,0,0,0,0,0,0,0,0,0,0,0,0,0,0,0,0,0,0,0,0,0,0,0,0,0,0,0,0,0,0,0,0,0,0,0,0,0,0,0,0,0,0,0,0,0,0,0,0,0,0,0,0,0,0,0,0,0,0,0,0,0,0,0,0,0,0,0,0,0,0,0,0,0,0,0,0,0,0,0,0,0,0.0350959288722508,0,0,0,0,0
Nocardioides,0,0,0,0,0,0,0,0,0,0,0,0,0,0,0,0,0,0,0,0,0,0,0,0,0,0,0,0,0,0,0,0,0,0.592651126037139,0,0,0,0,0,0,0,0,0,0,0,0,0,0,0,0,0,0,0,0,0,0,0,0,0,0,0,0,0,0,0,0,0,0,0,0,0,0,0,0,0.333982744224882,0,0,0,0,0,0,0,0,0,0,0,0,0,0,0,0,0,0,0,0,0,0,0,0,0,0,0,0,0,0,0,0,0,0,0,0,0,0,0,0,0,0,0,0,0,0,0,0,0,0,0,0,0,0,0,0,0
Odoribacter,0,0,0,0.788522615266674,1.45524033514626,0,0,0.076087708376565,0.48826095990027,0.58930826434685,0,0,0.284608378870674,0.248215947874651,0,0,0,0,0,0,0.125605598420958,0,0.311190903650509,0,0.498699045967043,0,0,0,0,0.21856331050561,0.278306723304526,0.727320814599312,0.626919140225179,0,0,0,0.395066486798998,0,0,0,0,0,0.292846186027053,0,0,0,0,0,0,0,0,0,0,0,0,0,0,0,0,0.447033324302357,0,0,0,0,0,0,0,0,0.172990427862992,0.31711016131256,0,0,0,0,0,0,0,0,0,0,0,0,0,0,0,0,0,0,0,0,0,0.388450084164185,0.112146307798482,0,0,0,0,0,0,0,0,0,0,0,0,0,0,0.282015126265863,0.861488760263831,0,0.198565912851627,0,0,0,0,0,0,0,0,0,0,0,0,0,0.0566059096569682,0,0,0,0,0,0,0
Olsenella,0,0,0,0,0,0,0,0,0,0,0,0,0,0,0,0,0,0,0,0,0,0.662983425414365,0,0,0,0,0,0,0,0,0,0,0,0,0,0,0,0,0,0,0,0,0,0,0,0,0,0,0,0,0,0,0,0,0,0,0,0,0,0,0,0,0,0,0,0,0,0,0,0,0,0,0,0,0,0,0,0,0,0,0,0,0,0,0,0,0,0,0,0,0,0,0,0,0,0,0,0,0,0,0,0,0,0,0.145371078806427,0,0,0,0,0,0,0,0,0,0,0,0,0,0,0,0,0,0,0,0,0,0,0,0,0,0,0
Opitutus,0,0,0,0,0,0,0,0,0,0,0,0,0,0,0,0,0,0,0,0,0,0,0,0,0,0,0,0,0,0,0,0,0,0,0,0,0,0,0,0,0,0,0,0,0,0,0,0,0,0,0,0,0,0,0,0,0,0,0,0,0,0,0,0,0,0,0.0568504832291074,0,0,0,0,0,0,0,0,0,0,0,0,0,0,0,0,0,0,0,0,0,0,0,0,0,0,0,0,0,0,0,0,0,0,0,0,0,0,0,0,0,0,0,0,0,0,0,0,0,0,0,0,0,0,0,0,0,0,0,0,0,0,0,0,0
Oribacterium,0,0.298730395817774,0,0,0,0,0,0,0,0,0,0,0,0,0,0,0,0,0,0,0,0,0,0,0,0,0,0,0,0,0,0,0,0,0,0,0,0,0,0,0,0,0,0,0,0,0,0,0,0,0,0,0,0,0,0,0,0,0,0,0,0,0,0,0,0,0,0,0,0,0,0,0,0,0,0,0,0,0,0,0,0,0,0,0,0,0,0,0,0,0,0,0,0,0,0,0,0,0,0,0,0,0,0,0,0,0,0,0,0,0,0,0,0,0,0,0,0,0,0,0,0,0,0,0,0,0,0,0,0,0,0
Oscillospira,2.48640248640249,1.64301717699776,8.01348964188213,6.82291096265469,2.68998971042187,0,6.8698279259162,0.332019091097738,2.58674423436526,0.603339413497965,0,0,4.70173041894353,5.53314717137243,1.00840336134454,0.123141043857156,0.100951831554658,0.231736923416464,0,0.147571773544406,1.00484478736767,1.39226519337017,4.4165170556553,0,4.49913269731136,0.171005130153905,4.34621786572961,2.1454594521657,0.262049602246139,1.04910389042693,1.25970411600996,1.74556995503835,2.76356192425793,0,0,0,2.56311428020813,0,0,0,0,2.09662716499544,1.92441779389207,1.74073025757147,0,0.964332892998679,0,1.00139082058414,0.0674157303370786,0,0,2.1025641025641,3.97505120089369,4.20652999240699,0,1.5113681167039,1.07413647851727,4.18611228963371,2.21048241345753,0.704416147385532,1.00724509630677,0.197063750123165,0.927550764602657,0.869111767773336,0.157868771583621,0,0,0.728235683548494,4.38242417252912,6.34220322625121,1.54057771664374,0.26650266502665,0,0,1.05761202337879,0.189713322091062,2.44045868862099,2.40196078431373,0,0.112161512578112,1.85237159696885,0.356633380884451,4.91152040447815,0,1.00832967996493,0.793060718711276,6.28525382755842,4.87508440243079,1.94832698009318,1.2035010940919,0,5.56778453968665,2.13077984817115,0.209460638854949,0.0703588300331692,0.354264458418209,0,0.365432098765432,0.954796359838878,0,0.917107583774251,0.537209669774056,0,3.78761061946903,0.160673297628156,0.364659304021671,0.79810559550956,1.07678502756057,4.11899313501144,1.31705750080308,0.66188637617209,0,0,0,0.153239929947461,0.568181818181818,0.267599835323178,0,4.05777924798765,0,2.71119842829077,0,2.18679306258753,0.265878877400295,2.06045511151364,0,0.350959288722508,0.15839933305544,0,0.329656396602003,0.253807106598985,0.929791271347249
Oxalobacter,0,0,0,0,0,0,0,0,0,0,0,0,0,0.248215947874651,0,0,0,0,0,0,0,0,0,0,0,0,0,0,0,0,0,0,0,0,0,0,0,0,0,0,0,0,0,0,0,0,0,0,0,0,0,0,0,0,0,0,0,0,0,0,0,0,0,0,0,0,0,0,0,0,0,0,0,0,0,0,0,0,0,0,0,0,0,0,0,0,0,0,0,0,0,0,0,0,0,0,0,0,0,0,0,0,0,0,0,0,0,0,0,0,0,0,0,0,0,0,0,0,0,0,0,0,0,0,0.12453300124533,0,0.128685072531586,0,0,0,0,0
Parabacteroides,1.32090132090132,0,0.0963545848723302,1.92749972620743,2.01381743348523,0.14338385907415,1.32667805070275,2.58698208480321,1.79721587367546,4.27950049109022,0,0,2.04918032786885,3.84734719205709,0.847643405188162,0.530453727384674,1.32679550043265,0.353122930920327,1.44851657940663,1.19398980413201,1.18428135654046,0.220994475138122,1.80730101735488,1.52224824355972,1.55030355594102,0,2.01590530793416,1.56524085818378,0,0,0.922806503588692,1.30917746627876,0.95957011258956,0.237060450414856,1.59045725646123,0,1.69589516284448,0,0.963935516037893,0,0,3.58553631115163,3.56993445823456,4.41551089725446,1.16622609236511,0.409511228533686,0,3.40751043115438,0,0,0.586319218241042,0.974358974358974,4.11469000186185,4.19134396355353,0,0,3.24347093513058,0.947532173667091,0.931461142777701,1.23272825792468,0,0.817814563011134,1.39132614690399,0.173822353554667,1.42081894425259,0.345754898194391,0,0,0,4.49469185164759,0,0,0.395191832702124,0,0,0,0,0,0,0,3.98540555711479,1.90544120643978,0,0,0.613765892152565,0.817843866171004,0.16116035455278,1.93112761647535,2.29775518847946,1.56819839533187,1.91846522781775,1.86456040398809,1.41476880607315,0,0,1.43477105659375,2.78444551128181,0,20.4684469640459,0,0,0,0.364520048602673,0.371681415929204,5.63121652639633,1.87539070639717,0,2.34585309575695,0.551891237044017,0.513973658849984,2.25041367898511,0.724142642437491,0,0,0,0.942807192807193,0,0,1.31216231116992,0.238592305398151,1.17878192534381,0,4.89066034687062,0.295420974889217,0.384920185667384,1.02374018180214,0.865699578848854,0.600250104210088,0.0537923614846692,3.04298212248003,0,0
Paraprevotella,0,0,1.38108238317007,2.00416164713613,1.42584154049684,0.211661887204698,1.4317614606594,0.30435083350626,3.37627259505506,1.52939525747159,0.692404532102392,0,2.01502732240437,1.29279139518047,0,0,0,0,0,0,0,0,0,0,0,0,0,0,0,0,0,0,0,0,2.59869355296791,1.05829285218598,2.04278280978994,1.3921661160925,0,0,0,0,0,0,0,0,0,0,0,0,0,0,0,0,0,0,0,0,0,0,0,0,0,0,0,0,0,0,1.64917541229385,2.64718047704398,0,0,0,0,0,0,0,0,0,0,0,0,0,0,0.416483998246383,0,0,0,0,0,0,0,0,0,0,0,0,0,0,0,0,0,0,0,0,0,0,0,0,0,0.0441257584114727,0,0,0,0,0,0,0,0,0,0,0,0,0,0,0,0,0,0,0,0,0
Parvimonas,1.3986013986014,0,0,0,0,0,0,0,0,0,0,0,0,0.444720239942083,0,0.284171639670361,0,0,0,0,0,0,0,0,0,0,0,0,0,0,0,0,0,0,0,0,0,0,0,0.176056338028169,0,0,0,0,0,0,0,0,0.202247191011236,0,0,0,0,0,0,0,0,0,0,0,0,0.0788255000492659,0,0,0,0,0,0,0,0,0,0,0,0,0,0,0,0,0,0,0,0,0,0,0,0,0,0,0,0,0,0,0,0,0.0301537842999296,0,0,0,0,0,0,0,0,0,0,0,0.0964743027539028,0,0,0,0,0,0,0,0,0,0,0,0,0,0,0,0,0.0393894633185623,0,0,0,0,0,0,0.130749115520689,0
Pediococcus,0,0,0,0,0,0,0,0,0,0,0,0,0,0,0,0,0,0,0,0,0,0,0,0,0,0,0,0,0,0,0,0,0,0,0,0,0,0,0,0,0,0,0,0,0,0,0,0,0,0,0,0,0,0,0,0,0,0,0,0,0,0,0,0,0,0,0,0,0,0,0,0.669673363400301,0,0.60248525166311,0,2.51897133220911,0,0,0,0,0,0,0,0,0,0,0,0,0,0,0,0,0,0,0,0,1.08817410785726,0,0,0,0,0,0,0,0,0,0.517453078407297,0,0,0,0,0,0,0,1.56523642732049,0,0.494030465212021,0,0,0,0,0,0,0,0,0,0,0,0,0,0,0
Pelagicoccus,0,0,0,0,0,0,0,0,0,0,0,0,0,0,0,0,0,0,0,0,0,0,0,0,0,0,0,0.0269869113479962,0,0,0,0,0,0,0,0,0,0,0,0,0,0,0,0,0,0,0,0,0,0,0,0,0,0,0,0,0,0,0,0,0,0,0,0,0,0,0,0,0,0,0,0,0,0,0,0,0,0,0,0,0,0,0,0,0,0,0,0,0,0,0,0,0,0,0,0,0,0,0,0,0,0,0,0,0,0,0,0,0,0,0,0,0,0,0,0,0,0,0,0,0,0,0,0,0,0,0,0,0,0,0,0
Pelomonas,0,0,0,0,0,0,0,0,0,0,0,0,0,0,0,0,0,0,0,0,0,0,0,0,0,0,0,0,0,0,0,0,0,0,0,0,0,0,0,0,0,0,0,0,0,0,0,0,0,0,0,0,0,0,0,0,0,0,0,0,0,0,0,0,0,0,0,0,0,0,0,0,0,0,0,0,0,0,0,0,0,0,0,0,0,0,0,0,0,0,0,0,0,0,0,0,0.240038406144983,0,0,0,0,0,0,0,0,0,0,0,0,0,0,0,0,0,0,0,0,1.31467345207803,0,0,0,0,0,0,0,0,0,0,0,0,0,0
Peptoniphilus,0,0,0,0,0,0,0,0,0,0,0,0,0,0,0,0,0,0,0,0,0,0,0,0,0,0,0,0,0,0,0,0,0,0,0,0,0,0,0,0,0,0,0,0,0,0,0,0,0,0,0,0,0,0,0,0,0,0,0,0,0,0,0,0,0,0,0,0,0,0,0,0,0,0,0,0,1.5436636283446,0,0,0,0,0,0,0,0,0,0,0,0,0,0,0,0,0,0,0,0,0,0,0,0,0,0,0,0,0,0,0,0,0,0,0,0,0,0,0,0,0,0,0,0,0,0,0,0,0,0,0,0,0,0,0
Peptostreptococcus,0,0,0,0,0,0,0,0,0,0,0,0,0,0,0.182681768359518,0.426257459505541,0,0,0,0,0,0,0,0,0,0,0,0,0,0,0,0,0,0,0,0,0,0,0,0,0,0,0,0,0,0,0,0,0,0,0.152008686210641,0,0,0,0,0,0,0,0,0,0,0,0,0,0,0,0.795906765207504,0,0,0,0,0,0,0,0,0,0,0,0,0,0.168397417906259,0,0,0,0.942569048662867,0,0,0,0,0,0,0,0,0,0,0,0,0.612345679012346,0,0,0.37037037037037,0,0,0,0,0,0,0,0,0,0,0,0,0,0,0,0,0,0,0,0,0,0,0,0,0,0,0,0,0,0,0
Phaeospirillum,0,0,0,0,0,0,0,0,0,0,0,0,0,0,0,0,0,0,0,0,0,0,0,0,0,0,0,0,0,0,0,0,0,0,0,0,0,0,0,0,0,0,0,0,0,0,0,0,0,0,0,0,0,0,0,0,0,0,0,0,0,0,0.062672348959639,0,0,0,0,0,0,0,0,0,0,0,0,0,0,0,0,0,0,0,0,0,0,0,0,0,0,0,0,0,0,0,0,0,0,0,0,0,0,0,0,0,0,0,0,0,0.0403822856373671,0,0,0,0,0,0,0,0,0,0,0,0,0,0,0,0,0,0,0,0,0,0,0
Phascolarctobacterium,0.388500388500388,3.58476474981329,7.24265296290348,0.733764100317599,0,0,2.65335610140549,0.60178460261465,0,0,2.64372639530004,0,0,0.537801220395077,0,0,2.10556677242573,0,3.49040139616056,1.54279581432788,0,0,0.562537402752843,12.1779859484778,0.639635732870772,0.855025650769523,0,0,0.767430978006551,0,0.966749670426249,1.60010579211849,0,0,0.908832717977847,0.971547536433033,2.08132588167277,2.05285512033978,12.9798903107861,9.61707746478873,9.73654066437572,2.82588878760255,1.91047273741459,1.50014152278517,1.10402736743897,3.17040951122853,0,1.3769123783032,0,0,0,0,0,0,0,0,0,0,1.76560544974281,4.74126253047954,2.77434175649408,3.59641343974776,0.200551516670845,0,0.0789343857918106,0.256114739403253,0,0.231711353856339,0,6.6731007858817,0,0.23916905835725,0,0,0.278318953520735,0.158094435075885,0,0,0,0,0,0.305685755043815,0,0,1.27137220517317,2.57744733581165,0,0,0,0,0,0,0.025879917184265,0,0,0,0,0,0,0.606744743897277,1.25220458553792,0,0,0,0,1.85455303188164,0.79810559550956,3.80720420458916,2.97482837528604,0.256986829424992,1.22448979591837,13.7587102063123,0.157693174138319,0,0,0.817932067932068,0,0,0,0.0447360572621533,0,0,2.54228159000323,1.44756277695716,0,0,0,0,0,0,0,0
Pirellula,0,0,0,0,0,0,0,0,0,0,0,0,0,0,0,0,0,0,0,0,0,0,0,0,0,0,0,0,0,0,0,0,0,0.0592651126037139,0,0,0,0,0,0,0,0,0,0,0,0,0,0,0,0,0,0,0,0,0,0,0,0,0,0,0,0,0,0,0,0,0,0,0,0,0,0,0,0,0,0,0,0,0,0,0,0,0,0,0,0,0,0,0,0,0,0,0,0,0,0,0,0,0,0,0,0,0,0,0,0,0,0,0,0,0,0,0,0,0,0,0,0,0,0,0,0,0,0,0,0,0,0,0,0,0,0
Porphyromonas,0,0,0,0,0,0,0,0,0,0,0,0,0,0,0,0,0,0,0,0,0,0,0,0,0,0,0,0,0,0,0,0,0,0,0,0,0,0,0,0,0,0,0,0,0,0,0,0,0,0,0,0,0,0,0,0,0,0,0,0,0,0,0,0,0,0,0,0,0,0,0,0,0,0,0,0,0,0,0,0,0,0,0.343084145901047,0,0,0,0,0,0,0,0,0,0,0,0,0,0,0,0,0,0,0,0,0,0,0,0,0,0,0,0,0,0,0,0,0,0,0,0,0,0,0,0,0,0,0,0,0,0,0,0,0
Prevotella,0,0,4.12718805203148,0.635198773409265,0,0,0,0.332019091097738,59.3081238312903,0,4.95174150230801,0,7.46812386156649,3.76460854276554,0,0.663067159230842,13.2391116238823,1.10350915912602,37.4694589877836,53.2331634022002,1.77642203481069,0.220994475138122,4.52423698384201,39.5784543325527,6.6673894189072,0,0,0,0.608329433785681,0.407984846277138,0.761681558517651,0,1.08751279426817,4.14855788225998,31.7807441067878,38.7404580152672,0,0,9.05766993518365,3.45510563380282,0,0,8.10207781341514,2.9861307670535,0,0,0.104602510460251,0,0,0,0,1.45299145299145,0,0,0,0,0,0,0,0,0.689167697473052,0,0,0,1.81549087321164,4.73812267896017,0.132651127534584,0,3.51747203321416,11.0988556459396,0,0,0,0,0.918452546618425,0,0.411643634225228,0,0,0.672969075468675,0,0.560423884246994,0,0,25.2301622095572,26.2205700123916,11.5028203062047,0.715732613099257,1.75772977551885,0,0,0,0,0,0,0.743955362678239,0.0480076812289966,1.14567901234568,0,1.55213771694652,0.132275132275132,0.553009954179175,0.749291211016606,0,0.482019892884468,0,0.166637432029469,0,0.376901332615426,0,1.05901820187534,0,0.0788465870691597,0,0.591068301225919,0.04995004995005,0.946891724989708,0.0848176420695505,0,0,0,0,0,0,2.16234574889618,0.61777424763922,0.748713149274684,0.183409754064193,0,0,0,0
Proteus,0,0,0,0,0,0,0,0,0,0,0,0,0,0,0,0,0,0,2.09424083769634,0,0,0,0,0,0,0,0,0,0,0,0,0,0,0,0,0,0,0,0,0,0,0,0,0,0,0,0,0,0,0,0,0,0,0,0,0.236561966092785,0.16849199663016,0,0,0,0,0,0,0,0,0,0,0,0,0,1.54057771664374,0,0,0,0,0,0,0,0,0,0,0,0,0,0,0,0,0,0,0,0,0,0,0,0.0402050457332395,0,0,0,0,0,0.617283950617284,0,0,0,0,0,0,0,0,0,0,0,0,0,0,0,0,0,0.452089535781233,0,0,0,0,0,0,0,0,0,0,0,0,0
Pseudomonas,0,2.53920836445108,0,0.876136239185193,0,0.614502253174928,0,0.415023863872173,0,1.1786165286937,0,0,0,0.186161960905988,0,0.899876858956143,1.39890395154312,0.408298388876628,2.12914485165794,1.55621143010464,2.04557688856989,1.01657458563536,1.04129263913824,0,0,0.893026790803724,0,2.38834165429767,1.43191389798783,1.63193938510855,2.00673795224843,1.41496958476593,0.47338792221085,3.91149743184512,1.95967054813973,3.5912560721721,0.992484100982848,0,0,0,0,2.37010027347311,1.40845070422535,0.990659496178885,1.25952417975431,1.34742404227213,2.82426778242678,0.62586926286509,2.44943820224719,0,0.152008686210641,0,0.595792217464159,0.744115413819286,0,0,0,0.183849526233913,0.959265953009871,0,1.6433998939742,0,0,0.469320354597601,0.957079427725703,0,1.09910934242941,0,0.588167454734171,0,1.70563961485557,0,0,0,0,0,0,0.637254901960784,0,1.32991507771191,0,1.75259832891787,0,0,0,0.297397769516729,0,0.99932478055368,0,0,0.479616306954436,0,1.16459627329193,0,0.974972359031058,1.16907271278009,1.16818690990559,0.612345679012346,1.08906459794122,2.06011006067447,1.04938271604938,0.505609100963817,1.27582017010936,1.02654867256637,0.964039785768936,0,0.473601122610068,0.999871811306243,0.444205142011038,0.208801798907806,0.551571980143409,0,1.63325073214688,1.08994501178319,1.31348511383538,0.305944055944056,0.710168793742281,0,0.683647590693572,0,0.383104125736739,0,0.646342777119466,0,0.939658100305672,0,0,0,1.10274341043572,0,0.838332564220889,0
Pseudonocardia,0,0,0,0,0,0,0,0,0,0,0,0,0,0,0,0,0,0,0,0,0,0,0,0,0,0,0,0,0,0.509981057846423,0,0.727320814599312,0,0,0,0,0,0,0,0,0,0,0,0,0,0,0,0,0,0,0,0,0,0,0,0,0,0,0,0,0,0,0.11281022812735,0,0,0,0,0,0,0,0,0,0,0,0,0,0,0,0,0,0,0,0,0,0,0,0,0,0,0,0,0,0,0,0,0,0,0,0,0,0,0,0,0,0,0,0,0,0,0,0,0,0,0,0,0,0,0,0,0,0,0,0,0,0,0,0,0,0,0,0,0
Pseudoramibacter_Eubacterium,0,0,0,0,0,0,0,0,0,0,0,0,0,0,0,0,0,0,0,0,0,0,0,0,0,0,0,0,0,0,0,0,0,0,0,0,0,0,0,0,0,0,0.0418351694324362,0,0,0,0,0,0,0,0,0,0,0,0,0,0,0,0,0,0,0,0,0,0,0,0,0,0,0,0,0,0,0,0,0,0,0,0,0,0,0,0,0,0,0,0,0,0,0,0,0,0,0,0,0,0,0,0,0,0,0,0,0,0,0,0,0,0,0,0,0,0,0,0,0,0,2.33248515691264,0,0,0,0,0,0,0,0,0,0,0,0,0,0
Psychrobacter,0,0,0,0,0,0,0,0,0,0,0,0,0,0,0,0,0,0,0,0,0.161492912255518,0,0,0,0,0,0,0,0,0,0,0,0,0,0,0,0,0,0,0,0,0,0,0,0,0,0,0,0,0,0,0,0,0,0.301568154402895,0,0,0,0,0,0,0,0,0,0,0,0.22740193291643,0,0,0,0,0,0,0,0,0,0,0,0,0,0,0,0,0,0,0,0,0,0,0,0,0,0,0,0,0,0.416066570651304,0,0,0,0,0,0,0,0,0,0,0,0,0,0.12134583563155,0,0,0,0,0,0,0,0,0,0,0,0,0,0,0,0,0,0,0,0,0
Pyramidobacter,0,0,0,0.306647683714818,0,0,0,0,0,0,0,0,0,0.124107973937325,0,0,0,0,0,0,0,3.22651933701657,0,0,0,0,0,0.0674672783699905,0,0,0,0,0,0,0,0,0,0,0,0,0,0,0.488076976711756,0,0,0,0,0,0,0,0,0,1.60119158443493,0,0,0.407412274937574,0,0,0,0,0,0,0,0,0,0,0,0,0,0,0,0,0,0,0,0,0,0,0,0,0,0,0,0,0,0,0,0,0,0,0,0,0,0,0,0,1.82429188670187,0,0,0,0,0,0,0,0,0,0,0,1.61529142549468,0,0,0,0,0,0,0,1.8423219431865,0,0,0,0,0,0,0,0.12453300124533,0,0,0,0,0,0,0
Ralstonia,0,0,0,0.142372138867594,0,0,0,0,0,0,0,0,0,0,0,0,0,0,0,0,0,0,0,0,0,0,0,0,0,0,0,0,0,0,0,0,0,0,0,0,0,0,0,0,0,0,0,0,0,0,0,0,0,0,0,0,0,0,0,0,0,0,0,0,0,0,0,0,0,0,0,0,0,0,0,0,0,0,0,0,0,0,0,0,0,0,0,0,0,0,0,0,0,0,0,0,0,0.0493827160493827,0,0,0,0,0,0,0,0,0,0,0,0,0,0,0,0,0,0,0,0,0,0,0,0,0,0,0,0,0,0,0,0,0,0
Raphanus,0,0,0,0,0,0,0,0,0,0,0,0,0,0,0,0,0,0,0,0,0,0,0,0,0,0,0,0,0,0,0,0,0,0,0,0,0,0,0,0,0,0,0,0,0,0,0,0,0,0,0,0,0,0,0,0,0,0,0,0,0,0,0,0.677907178863202,0,0,0,0,0,0,0,0,0,0,0,0,0,0,0,0,0,0,0,0,0,0,0,0,0,0,0,0,0,0,0,0,0,0,0,0,0,0,0,0,0,0,0,0,0,0,0,0,0,0,0,0,0,0,0,0,0,0,0,0,0,0,0,0,0,0,0,0
Rhizobium,0,0,0,0,0,0,0,0,0,0,0,0,0,0,0,0,0,0,0,0,0,0,0,0,0,0,0,0,0,0,0,0,0,0,0,0,0,0,0,0,0,0,0,0,0,0,0,0,0,0,0,0,0,0,0,0,0,0,0,0,0,0,0,0,0,0,0,0,0,0,0,0,0,0,0,0,0,0,0,0,0,0,0,0,0,0,0,0,0,0,0,0,0,0,0,0,0,0,0,0,0,0.0474008532153579,0,0,0,0,0,0,0,0,0,0,0,0,0,0,0,0,0,0,0,0,0,0,0,0,0,0,0,0,0,0
Rhodococcus,0,0,0,0,0,0,0,0,0,0,0,0,0,0,0,0,0,0,0,0,0,0,0,0,0,0,0,0,0,0,0,0,0,0,0,0,0,0,0,0,0,0,0,0,0,0,0,0,0,0,0,0,0,0,0,0,0,0,0,0,0,0,0,0,0,0,0,0,0,0,0,0,0,0,0,0,0,0,0,0,0,0,0,0,0,0,0,0,0,0,0,0,0,0,0,0,0,0,0,0,0,0,0,0,0,0,0,0,0,0,0,0,0,0,0,0,0,0.0848176420695505,0,0,0,0,0,0,0,0,0,0,0,0,0,0
Rhodoplanes,0,0,0,0,0,0,0,0,0,0,0,0,0,0,0,0,0,0,0,0,0,0,0,0,0,0,0,0.161921468087977,0,0,0,0,0,0,0,0,0,0,0,0,0,0,0,0,0,0,0,0,0,0,0,0,0,0,0,0,0,0,0,0,0,0,0,0,0,0,0,0,0,0,0,0,0,0,0,0,0,0,0,0,0,0,0,0,0,0,0,0,0,0,0,0,0,0,0,0,0,0,0,0,0,0,0,0,0,0,0,0,0,0,0,0,0,0,0,0,0,0,0,0,0,0,0,0,0,0,0,0,0,0,0,0
Rickettsia,0,0,0,0,0,0,0,0,0,0,0,0,0,0,0,0,0,0,0,0,0,0,0,0,0,1.40604218126544,0,1.37633247874781,0,0,0,1.24305739222428,0,1.48162781509285,0,0,0,0,0,0,0,0,0,0,0,0,0,0,0,0,0,0,0,0,0,0,0,0,0,0,0,0,0,0,0,0,0,0,0,0,0,0,0.790383665404248,0,1.94823267464514,0,0,0,0,0,0,0,0,0,0,0,0,0,0,0,0,0,0,0,0,0,0,0,0,0,0.82010582010582,0,0,0,0,0,0,0,0,0,0,0,0,0,0,0,0,0.805767599660729,0,0,0,0,0,0,0,0,0,0,0,0,0,0
Roseburia,0,0,0,1.0294600810426,6.83521975599,6.29523419363649,5.18849336660975,0.45652625025939,1.94265530853937,8.03984846358917,4.95174150230801,11.4143920595534,2.80054644808743,0.972179129175716,1.30069419071977,0,2.19209691375829,1.15868461708232,1.34380453752182,0.590287094177623,0.807464561277588,10.6077348066298,3.60263315380012,0,3.36079791847355,0,12.7242463473275,4.47982728376737,1.93729527374825,3.36587498178639,1.09857917093892,1.36207352552235,6.02610030706244,5.70920584749111,6.27662595853451,8.88272033310201,8.86490653305068,19.5847097687588,1.92787103207579,6.62411971830986,0,0,3.66754985357691,2.94367393150297,1.66381589177422,2.31175693527081,0,5.21557719054242,0,0,0,3.16239316239316,4.85943027369205,5.48215641609719,14.5757941294733,12.7743461690104,6.40269587194608,2.81431197850375,4.21242875017378,8.03305337306963,0.530128998056194,9.93201300620751,0.213085986462773,0,0.29600394671929,0.755538481239595,0,7.4809665673618,2.16814669588283,6.41114021784089,0,0.4510045100451,2.73341017618969,0,4.00779293069858,0,4.01352543369597,1.22549019607843,7.88804071246819,0,0,0,4.60455037919827,6.76923076923077,2.63042525208242,4.53531598513011,5.76148267526189,7.42741390952059,4.77551884794579,9.48212983223924,5.99520383693046,10.151495532824,3.00207039337474,67.5161459242451,0,1.55876361704012,0,0,1.61121885722811,39.184422181459,1.85185185185185,0,0,0,0.328997704667177,0,1.06998772145238,5.43520061530573,25.9927311885853,15.7243816254417,2.29453943739658,0,0.833521063302546,0.972113118617439,1.65280210157618,2.06668331668332,1.35858377933306,0,0,1.23769758425291,2.32809430255403,1.41732283464567,0,0.649926144756278,1.98120683799389,0.626599594034066,2.36312587739822,1.04210087536474,8.5529854760624,13.5666286293901,2.21504383940932,13.7950664136622
Rothia,0,0,0.433595631925486,0.219034059796298,0,0.402840365970231,1.27413634572442,0.968389015701736,0,0,0,2.41935483870968,0,0.237873616713207,0,0,0,0,0,0,0.233267539924637,0.640883977900552,0.299222022740874,0,0,3.7621128633859,0.388385426299242,0,0.299485259709874,0,0.0292954445583712,0.886008992330071,1.45854657113613,0,0.525418915080943,2.34212352532963,0.250529967238389,0,0,3.9612676056338,0,0,1.45028587365779,0.495329748089442,0.964080236355155,0.700132100396301,0.993723849372385,0,2.96629213483146,0,1.36807817589577,0.512820512820513,0.716812511636567,0.227790432801822,0,0.183992640294388,2.82224094355518,2.14962522981191,1.2095092450994,1.28691411541588,0,0.817814563011134,0,2.10325047801147,1.06561420818944,0.204891791522602,1.87606594656055,0.761337305527971,0,0,0,0,1.18557549810637,0,1.44725855830782,0,0,0,0,0,3.00308728599495,0.794782963113919,0,1.53846153846154,0,0,0,0.243079000675219,0,0.565280816921955,4.18864908073541,0,0,0,0,0.168275617748649,0.400064010241639,0.434567901234568,0,1.98955834626781,0.0529100529100529,3.06525517459314,0,0.389380530973451,1.39250191277735,1.27109814544697,0.280652517102263,0.333290603768748,0,0.48185030517186,0.717043574186431,0,0.360441540887587,0.412411626080126,0.240805604203152,0,2.16138328530259,0,0.970338515823134,0.13420817178646,0.825147347740668,0.15748031496063,0,0,0.294350730216235,0.13238019592269,0,0.141725719049604,0,0.507163687080005,0.292262728810952,0.265654648956357
Rubellimicrobium,0,0,0,0,0,0,0,0,0,0,0,0,0,0,0,0,0,0,0,0,0,0,0,0,0,0,0,0,0,0,0,0,0,0,0,0,0,0,0,0,0,0,0,0,0,0,0,0,0,0,0,0,0,0,0,0,0,0,0,0,0,0,0,0,0,0,0,0,0,0,0,0,0,0,0,0,0,0,0,0,0,0,0,0,0,0,0,0,0,0,0,0,0,0,0.0502563071665494,0,0,0,0,0,0.017636684303351,0,0,0,0,0,0,0,0,0,0,0,0,0,0,0,0,0,0,0,0,0,0,0,0,0,0,0,0,0,0,0
Ruminococcus,0,1.17002738361962,7.51565762004175,6.31913262512321,4.2481258268411,1.63867267513314,8.61683961644555,3.65912706647299,1.27778932059007,1.95032973200505,0.566512798992866,0,18.7727686703097,5.26424656117489,0.241139934234563,0.530453727384674,1.4565907124315,0.860737144118296,0.261780104712042,0.0939093104373491,0.69980261977391,9.50276243093923,2.20227408737283,0,2.3959236773634,0.608018240547216,18.013685962641,5.11401970044528,0,0.568264607314585,1.420829061081,3.62338005818566,1.10030706243603,0.691426313709996,1.95967054813973,0.572519083969466,3.32433994989401,17.579046720151,0.847598470998837,0.836267605633803,3.26460481099656,5.43907626861136,3.22130804629759,1.66996886498726,0.590887886798321,0.83223249669749,0,7.85813630041725,1.46067415730337,0,0,4.06837606837607,3.99366970768944,3.26499620349279,0,0.959390195820738,0.10530749789385,6.57615613067459,2.01584874183234,5.32376049850989,0.689167697473052,0.236476500147798,0.664326898972173,0.434555883886668,2.92057227429699,0.67870405941862,1.13700966458215,9.36775902019199,4.49775112443778,2.17840893423411,0,0.765340986743201,0,0,0.946284441970498,0.389966273187184,0.499852984416348,0,0.763358778625954,0.320461464508893,0.561324726354196,0.285306704707561,0.613940050559769,0.8582995951417,0.372643577378343,3.3457249070632,0.604351329572925,1.67454422687373,1.38712409995765,1.31291028446389,1.7585931254996,5.56778453968665,3.09696342305038,0.488741490661547,0.442255503065635,0.805951642901426,1.55224835973756,0.503703703703704,0,0,1.30511463844797,0.284405119292147,1.55933576346699,0.265486725663717,0.0153022188217291,0.145863721608668,0.157867040870023,2.29457761825407,4.96702113339615,2.21651140379056,1.19139547710976,0,0.135165577832845,0.314218381775334,0.37215411558669,1.74825174825175,0.329353643474681,0,1.2570294409527,0.357888458097226,1.45383104125737,3.34852880232076,0,1.16198916789759,3.22653685044719,0.873709293089754,2.58540009358914,0.266777824093372,3.01237224314147,1.86382655001902,0.238424857714198,2.65654648956357
Salinivibrio,0,0,0,0,0,0,0,0,0,0,0,0.930521091811414,0,0,0,0,0,0,0,0,0,0,0,0,0,0,0,0,0.177819372952737,0,0,0,0,0,0,0,0,0,0,0,0,0,0,0,0,0,0,0,0,0,0,0,0,0,0,0,0,0,0,0,0,0,0,0,0,0.0768344218209758,0,0,0,0,0.110041265474553,0.0683340166735001,0,0,0,0,0,0,0,0,0,0.0713266761768902,0,0,0,0,0,0,0,0,0,0,0,0,0,0,0,0,0,0.169324114575984,0,0,0,0,0,0,0,0,0,0,0,0,0,0,0,0,0,0,0,0,0,0,0,0,0,0,0,0,0,0.164828198301002,0.0307644977695739,0
Scardovia,0,0,0,0,0,0,0,0,0,0,0,0,0,0,0,0,0,0,0,0,0,0,0,0,0,0,0,0,0,0,0,0,0,0,0,0,0,0,0,0,0,0,0,0,0,0,0,0,0,0,0,0,0,0,0,0,0,0,0,0,0,0,0,0,0,0,0,0,0,0,0,0,0,0,0,0,0,0,0,0,0,0,0,0,0,0,0,0,0,0,0,0,0,0,0,0,0,0.0987654320987654,0,0,0,0,0,0,0.321346595256312,0,0,0,0,0,0,0,0,0,0,0,0,0,0,0,0,0,0,0,0,0,0,0,0,0,0,0
Schwartzia,0,0,0,0,0,0,0,0,0,0,0,0,0,0,0,0,0,0,0,0,0,0,0,0,0,0,0,0,0,0,0,0,0,0,0,0,0,0,0,0,0,0,0,0,0,0,0,0,0,0,0,0,0,0,0,0,0,0,0,0,0,0,0,0,0,0,0.189501610763691,0,0,0,0,0,0,0,0,0,0,0,0,0,0,0,0,0,0,0,0,0,0,0,0,0,0,0,0,0,0,0,0,0,0,0,0,0,0,0,0,0,0,0,0,0,0,0,0,0,0,0,0,0,0,0,0,0,0,0,0,0,0,0,0,0
Selenomonas,0,0,0,0,0,0,0,0,0,0,0,0,0,0,0,0,0,0,0,0,0,0,0,0,0,0,0,0,0,0,0,0,0,0,0,0,0,0,0,0,0,0,0,0,0,0,0,0,0,0,0,0,0,0,0,0,0,0,0,0,0,0,0,0,0,0,1.55391320826227,0,0,0,0,0,0,0,0,0,0,0,0.363504180298073,0,0,0,0,0,0,0,0,0,0,0,0,0,0,0,0,0,0,0,0,0,0,0,0,0,0.0459066564651875,0,0,0,0,0,0,0,0,0,0,0,0,0,0,0,0,0,0,0,0,0,0,0,0,0,0,0
Shuttleworthia,0,0,0,0,0,0,0,0,0,0,0,0,0,0,0,0,0,0,0,0,0,0,0,0,0,0,0,0,0,0,0,0,0,0,0,0,0,0,0,0,0,0,0,0,0.0777484061576738,0,0,0,0,0,0,0,0,0,0,0,0,0,0,0,0,0,0,0,0,0,0.113700966458215,0,0,0,0,0,0,0,0,0,0,0,0,0,0,0,0,0,0,0,0,0,0,0,0,0,0,0,0,0,0,0.177777777777778,0,0,0,0,0,0,0,0,0,0,0,0,0,0,0,0,0,0,0,0,0,0,0,0,0,0,0,0,0,0,0,0,0,0
SMB53,0,2.63878516305701,0,0,0,0,0,0,0,0,0,2.23325062034739,0,0,0,0,0,0,0,1.10008049369466,0,0.685082872928177,0,0,0,0,0,0,0,0,0,0,0,0,0,0,0,0,0,0,0,0,0,0,2.16140569118333,0,0,0,0,0,0,0,0,0,0,0.118280983046392,0,0,0,0,0.212051599222477,0,0,0,0,1.57510564733,0,1.09235352532274,0,0.0275747966358748,0,0,0,0,0,0,0,0,0,0,0,0,0,0,0,0,0,0,0.434138077085981,0,0,0,0,0,0,0,1.34421507441191,0,0,0,0,0,0,0,0,0,0.49114190492896,0,0,0,0,0,0,0,0,0,0,0,0,0.432448553534149,0,0,0,0,0,0.211808313476304,0,0.358482701125469,0,0,0,0
Solirubrobacter,0,0,0,0,0,0,0,0,0,0,0,0,0,0,0,0,0,0,0,0,0,0,0,0,0,0,0,0,0,0,0,0,0,0,0,0,0,0,0,0,0,0,0,0,0,0,0,0,0,0,0,0,0,0,0,0,0,0,0,0,0,0,0,0,0,0,0,0,0,0,0,0,0,0,0,0,0,0,0,0,0,0,0,0,0,0,0,0,0,0,0,0,0,0,0,0,0,0,0,0,0.0264550264550265,0,0,0,0,0,0,0,0,0,0,0,0,0,0,0,0,0,0,0,0,0,0,0,0,0,0,0,0,0,0,0
Sphingobium,0,0,0,0,0,0,0,0,0,0,0,0,0,0,0,0,0,0.0993158243213419,0,0,0,0,0,0,0,0,0,0,0,0,0,0,0.115148413510747,0,0,0,0,0,0,0,0,0,0,0,0,0,0,0,0,0,0,0,0,0,0,0,0,0,0,0,0,0,0,0,0,0,0,0,0,0,0,0,0,0,0,0,0,0,0,0,0,0,0,0,0,0,0,0,0,0,0,0,0,0,0,0,0,0,0,0,0,0,0,0,0,0,0,0,0,0,0,0,0,0,0,0,0,0,0,0,0,0,0,0,0,0,0,0,0,0,0,0
Sphingomonas,0,1.36918098083147,0,0,0,0.0614502253174928,0,0.103755965968043,0,0.168373789813386,0,0,0,0,0,0.293644027659373,0,0.264842198190245,0,0,0,0,0.251346499102334,0,0,0.74102223066692,0,1.25489137768182,0.917173607861488,0.611977269415708,0.322249890142083,1.21660936260249,1.07471852610031,1.06677202686685,0.383413802896904,0.589868147120056,0.31798034303334,0,0,0.286091549295775,0,1.18505013673655,0.822758332171245,0,0,0.264200792602378,0,0,0.359550561797753,0,0,0,0.474771923291752,0.136674259681093,0,0,0,0,0.806339496732935,0,0,0,0,0,0,0,1.40231191965132,0,0,0,0,0,0.148196937263297,0,0,0,0,0.784313725490196,0,0,0,0,0,0,0,0,0,0.351114112086428,0,0.328227571115974,0.383693045563549,0,0,0,0.251281535832747,0.655389248073687,0.464074251880301,0.355555555555556,0,0,0.388007054673721,0,0,0.353982300884956,0,0,0.157867040870023,0.205101910011537,0.390362094494548,0,0.628792057363486,0,0,0,0,0.0624375624375624,0.236722931247427,0.763358778625954,0,0,0.275049115913556,0,0,0,0,0,0,0,0.833781603012372,0.101432737416001,0,0
Stenotrophomonas,0,0,0,0,0,0,0,0,0,0,0,0,0,0,0,0,0,0,0,0,0,0,0,0,0,0,0,0.175414923761975,0,0.145708873670407,0,0.224808251785242,0,0,0,0.190839694656489,0,0,0,0,0,0,0,0,0,0,0,0,0,0,0,0,0,0,0,0,0,0,0,0,0,0,0,0,0,0,0.0758006443054766,0,0,0,0,0,0,0,0,0,0,0,0,0,0,0,0,0,0,0,0,0.0270087778528022,0,0,0,0,0,0,0,0,0,0,0,0,0.114638447971781,0,0,0,0,0,0,0,0,0,0,0,0,0,0,0,0,0,0,0,0,0,0,0,0,0,0,0,0,0,0,0
Steroidobacter,0,0,0,0,0,0,0,0,0,0,0,0,0,0,0.0438436244062843,0,0,0,0,0,0,0,0,0,0,0,0,0,0,0,0,0,0,0,0,0,0,0,0,0,0,0,0,0,0,0,0,0,0,0,0,0,0,0,0,0,0,0,0,0,0,0,0,0,0,0,0,0,0,0,0,0,0,0,0,0,0,0,0,0,0,0,0,0,0,0,0,0,0,0,0,0,0,0,0,0,0,0,0,0,0,0,0,0,0,0,0,0,0,0,0,0,0,0,0,0,0,0,0,0,0,0,0,0,0,0,0,0,0,0,0,0
Streptococcus,0,7.71720189195917,7.01782559820138,1.58799693352316,0,2.94961081523966,2.08853277288848,0.470360379055129,0,0,0,1.55086848635236,1.57103825136612,1.39621470679491,1.60759956156376,0.473619399450602,2.99971156619556,0.286912381372765,3.97905759162304,1.38180842500671,2.60183025300556,2.1878453038674,0.263315380011969,0.175644028103044,1.8213356461405,22.3446703401102,0,1.28187828902982,0.795507721104352,1.7193647093108,2.63659001025341,2.02327426606718,5.47594677584442,7.46740418806796,0.781028117012212,7.72033310201249,0.356523414916169,0.25955639452572,0,5.1056338028169,1.26002290950745,3.91978122151322,4.53214335518059,2.70308519671667,10.5426838749806,0.396301188903567,17.3117154811715,0,15.9550561797753,0,36.1563517915309,7.36752136752137,3.51889778439769,0.470766894457099,0,0,1.39005897219882,2.44661292603592,9.59265953009871,3.1563261988621,3.42816752076339,7.58695437974185,2.78265229380797,17.729880062576,9.02812037493833,2.67639902676399,10.0056850483229,2.151605428666,0,0,27.1526822558459,0,7.83797134859213,0.740554788502573,1.86473698858892,0,0.852690385180829,0,1.9629225736096,2.70789937510014,1.31911310693236,3.50519665783574,1.08342361863489,2.07287449392713,0,0.842627013630731,0,1.05334233625928,0,4.35813274981765,6.09112709832134,0.44024342871941,0,0,4.7844004422555,0.876804534585068,1.56825092014722,3.29876543209877,0.731015963001641,11.5422604769296,0.202821869488536,12.6086269552852,0,1.76991150442478,0.726855394032135,6.30339654094603,2.87668830029819,0,0,1.4776742691937,11.5168229453944,0,0.42802432980401,2.99489395129615,1.16024518388792,2.21028971028971,3.06710580485797,9.54198473282443,5.03914433785423,3.22099612287504,2.41650294695481,1.71570658930792,3.63029193148767,1.38847858197932,0.407562549530171,0.803106521930986,1.11137108095461,0,1.89618074233459,3.56282490173704,1.73819412398093,2.16318785578748
Sutterella,6.37140637140637,2.46452576549664,1.34896418821262,0.514730040521301,0,0,0.0262708524891633,0,1.37128610014544,1.96436088115617,0,0,2.04918032786885,1.04457544730582,0.628425283156741,0.407312683527517,0.302855494663975,0,3.87434554973822,2.95143547088811,1.97380226090077,4.50828729281768,1.18491921005386,0,0.379444926279271,1.82405472164165,0.48085814684668,0.121441101065983,2.32101076275152,2.37505464082763,0.380840779258825,0.62152869611214,1.47134083930399,1.42236270248913,1.87446748082931,1.7175572519084,2.06205434573135,4.83718735252478,6.28220043210902,6.64612676056338,0,0,0.209175847162181,0.11321822813473,2.51904835950863,3.10435931307794,0.784518828451883,0,0,0,0,0,1.30329547570285,2.03492786636295,0,0,0,1.69707254985151,0.430974558598638,0.447033324302357,2.04983212581728,1.1331165632082,2.06818751566809,0,0.730143068574248,0.43539505698553,0.246352093992799,0,0.864952139314958,2.50930649386461,0,0,0,0,0,0,1.102616877389,2.30392156862745,0,0,3.98540555711479,0.0815162013450173,2.67244492596605,5.9919028340081,5.28277071459886,0,3.32393231265109,1.91762322754895,1.13299449385853,1.65937272064187,0,0.194225042082092,0.36231884057971,3.82265665910281,0,0.487113630325038,0.352056329012642,0,0,0,0,0,0,2.95575221238938,0,1.78162117107731,0.605156990001754,3.07652865017305,0.673038093956118,4.8185030517186,0.36403750689465,0,1.58819553953593,1.63000785545954,8.95359019264448,0.961538461538462,0,0,1.66501268056015,0.0745600954369222,1.2770137524558,0.33982594280978,1.34654745233222,1.38847858197932,1.31325710404166,0,1.89518015910154,0,3.85960193652501,8.54570812729808,1.16135979080142,4.55407969639469
TG5,0,0,0,0,0,0,0,0,0,0,0,0,0,0,0,0,0,0,0,0,0,0,0,0,0,0,0,0,0,0,0,0,0,0,0,0,0,0,0,0,0,0,0,0,0,0,0,0,0,0,0,0,0,0,0,0,0,0,0,0,0,0,0,0,0,0,0,0,0,0,0,0,0,0,0,0,0,0,0,0,0,0,0,0,0,0,0,0,0,0,0,0,0,0,0,0,0,0,0,0,0,0,0,0,0,0,0,0,0,0,0.386100386100386,0,0,0,0,0,0,0,0,0,0,0,0,0,0,0,0,0,0,0,0,0
Trabulsiella,0,0,0,0,0,0,0,0,0,0,0,0,0,0,0,0,0,0,0,0,0,0,0,0,0,0,0,0,0,0,0,0,1.79119754350051,0,0,0,0,0,0,0,0,0,0,0,0,0,0,0,0,0,0,0,0,0,0,0,0,0,0,0,0,0.216770125135481,0,0,0,0,0,2.11850380668653,0,0,0,0,0,0,0,0,0,0,0,0,0,0,0,0,0,0,0,0,0,0,0,0,0,0,0,0,0,0,0,0,0,0,0,0,0,0,0,0,0,0,0,0,0,0,0,0,0,0,0,0,0,0,0,0,0,0,0,0,0,0,0,0
Treponema,0,0,0,0,0,0,0,0,0,0,0,0,0,0,0,0,0,0,0,0,0,0,0,0,0,0,0,0,0,0,0,0,0,0,0.127804600965635,0,0.183079591443438,0,0,0,0,0,0,0,0,0,0,0,0,0,0,0,0,0,0,0,0,0,0,0,0,0,0,0.121675647488267,0,0,0,0,0,0,0,0,0,0,0,0,0,0,0,0,0,0,0,0,0,0,0,0,0,0,0,0,0,0,0,0,0,0,0,0,0,0,0,0,0,0,0,0,0,0,0,0,0,0,0,0,0,0,0,0,0,0,0,0,0,0,0,0,0,0,0,0
Turicibacter,0,0,0,0,0,0,0,0,0.103885310617079,1.75389364388943,0.482584976919849,0,0,0,0,0.341005967604433,0.374963945774445,0,0,0,2.13529517315629,0,0,0,0,0,0,1.4437997571178,0,0,0,0,0,0,0,0,0,0,0,5.80985915492958,0,0,0,0,0.637536930492925,0.71334214002642,0.261506276150628,4.77051460361613,3.1685393258427,0,4.2128121606949,0,0.660956991249302,0.926347760060744,0,0,0,0,0,0,0,0,0,0,0,2.79165065949545,0,2.91294273419398,0,0,0,0,0,0,0,0,0,0,0,0,0,0,0,0,0,0,0,0.162052667116813,0.349428208386277,0.984682713347921,0,0,0,0,2.76409689416022,0,0,0,0,0,0.493827160493827,0,0,0,0,0,0,0,0,0,0,0,0,0.569520816967793,0.437828371278459,0,0,0,0.110265740434447,1.16313748881599,0.0884086444007859,0,0,0,0.226423638627873,0,0.30416471689284,0,0,0,0,0
Vagococcus,0,0,0,0,0,0,0,0,0,0,0,0,0,0,0,0,0,0,0,0,0,0,0,0,0,0,0,0,0,0,0,0,0,0,0,0,0,0,0,0,0,0,0,0,0,0,0,0,0,0,0,0,0,0,0,0,0,0,0,0,0,0,0,0,0,0,0,0,0,0,0,0,0,0,1.44725855830782,0,0,0,0,0,0,0,0,0,0,0,0,0,0,0,0,0,0,0,0,0,0,0,0,0,0,0,0,0,0,0,0,0,0,0,0,0,0,0,0,0,0,0,0,0,0,0,0,0,0,0,0,0,0,0,0,0
Veillonella,0,0.423201394075181,0.883250361329693,0.0657102179388895,0,0.150211661887205,0.656771312229082,0.200594867538217,0,0.126280342360039,0,0,0.11384335154827,0,0.197296309828279,0.227337311736289,0.937409864436112,0.286912381372765,0.383944153577661,2.6965387711296,7.24923739458101,1.0828729281768,0,0,0,6.63119893596808,0,0.661179328025907,2.62049602246139,0,0.219715834187784,2.55223485850304,3.492835209826,9.56143816673252,0.596421471172962,2.41151977793199,0.0578146078242436,0,0,4.46742957746479,3.66552119129439,2.64357338195077,2.57983544833357,0.339654684404189,3.20323433369616,0,0,0.0278164116828929,5.50561797752809,0,6.90553745928339,0,0.167566561161795,2.91571753986333,13.5303578608766,3.53528715994217,5.62342038753159,0,8.06339496732935,0,2.24421275843789,1.19223568824515,14.5650538982201,7.05718755431949,5.92007893438579,5.68574721475221,6.78415766534016,0,0.0230653903817322,0.0137873983179374,13.4525447042641,2.38485718190515,0,0,5.20456443083774,0,62.3052043516613,0,7.19738276990185,0,0,0,0,0,0.613765892152565,0.322180916976456,0.261885576148268,0.594193112761648,0.656501482422702,2.73522975929978,6.9224620303757,0.453191764858216,0.396825396825397,1.01239308779892,2.02030354809529,40.7935523868568,29.4447111537846,3.0320987654321,4.53528270923467,5.0232820657542,0.282186948853616,4.62948333069995,4.86026731470231,0,0,0,1.31555867391686,1.4613511088322,0,0.128493414712496,3.17705460562603,0,0,0,2.8130472854641,2.04795204795205,6.89584191025113,5.76759966072943,0.595434998346014,0,0.952848722986247,0.0911728139245752,0.387805666271679,0,0.690592097815012,0.229459006265996,0.0467945718296678,0.416840350145894,2.00376546530393,0,0.00769112444239348,0
Vibrio,0,0,0,0,0,0,0,0,0,0,0,0,0,0,0,0,0,0,0,0,0,0,0,0,0,0,0,0,0,0,0,0,0,0,0,0,0,0,0,0,0,0,0,0,0,0,0,0,0.179775280898876,0,0,0,0,0,0,0,0,0,0,0,0,0,0,0,0,0,0,0,0,0,0,0,0,0,0,0,0,0,0,0,0,0,0,0,0,0,0,0,0,0,0,0,0,0,0,0,0,0,0,0,0,0,0,0,0,0,0,0,0,0,0,0,0,0,0,0,0,0,0,0,0,0,0,0,0,0,0,0,0,0,0,0
WAL_1855D,0,0,0,0,0,0,0,0,0,0,0,0,0,0,0,0,0,0,0,0,0,0,0,0,0,0,0,0,0,0,0,0,0,0,0,0,0,0,0,0,0,0,0,0,0,0,0,0,0,0,0,0,0,0,0,0,0,0,0,0,0,0,0,0,0,0,0,0,0,0,0,0,0,0,0,0,0.0588062334607468,0,0,0,0,0,0,0,0,0,0,0,0,0,0,0,0,0,0,0,0,0,0,0,0,0,0,0,0,0,0,0,0,0,0,0,0,0,0,0,0,0,0,0,0,0,0,0,0,0,0,0,0,0,0,0
Weissella,0,0,1.49349606552112,0.372357901653707,0,0.0955892393827666,0,0,0,0,1.6995383969786,0,0.78551912568306,0,0,0,0.173060282665128,0,1.34380453752182,0,0.233267539924637,0,0,0,0,0,0,0.0944541897179868,0,0,0,0,0,0,0,0,0,0,0,0,0,0,0,0,0,0,0,0,0,0,0,0,0,0,0,0,0,0.254560882477726,1.98804393160017,0.866973719859117,0,1.06414425066509,0,3.96314966104641,0.0888011840157869,0,0.795906765207504,0,0,0,3.85144429160935,0,0.279927548164005,0.0878624325342036,0,0.115935919055649,0,0,0,1.84265342092613,5.19225371877631,0,0,3.59514170040486,0.241122314774222,0,0,0,0,0.401167031363968,0,0,0,0,0,0,0,0.0493827160493827,0,0,0.158730158730159,0,0.121506682867558,0,0,0,0,0,0,0,0,0,0,0,0,0.649350649350649,0,0,0,0,0,0.116038126813096,0,0.157557853274249,0.294350730216235,0.13238019592269,0,0.125052105043768,0,0,0,0
Williamsia,0,0,0,0,0,0,0,0,0,0,0,0,0,0,0,0,0,0,0,0,0,0,0,0,0,0,0,0,0,0,0,0,0,0,0,0,0,0,0,0,0,0,0,0,0,0,0,0,0,0,0,0,0,0,0,0,0,0,0,0,0,0,0,0,0,0,0,0,0,0,0,0,0,0,0,0,0,0,0,0,0,0,0,0,0,0,0,0,0,0,0,0,0,0,0,0,0,0,0,0,0.0529100529100529,0,0,0,0,0,0,0,0,0,0,0,0,0,0,0,0,0,0,0,0,0,0,0,0,0,0,0,0,0,0,0
Woodsholea,0,0.497883993029624,0,0,0,0,0,0,0,0,0,0,0,0,0,0,0,0.132421099095122,0,0,0,0,0,0,0,0,0,0,0,0,0,0,0,0,0,0,0,0,0,0,0,0.455788514129444,0.167340677729745,0,0,0,0.679916317991632,0,0,0,0,0,0,0,0,0,0,0,0,0,0,0,0,0,0,0,0,0,0,0,0,0,0,0,0,0,0,0,0,0,0,0,0,0,0,0,0,0.243079000675219,0,0,0,0,0,0,0.0502563071665494,0.168275617748649,0,0.187654320987654,0,0,0,0,0,0,0,0,0,0,0,0,0.0992829564258136,0,0,0,0,0,0,0,0,0,0.206286836935167,0,0,0,0,0,0,0,0.161377084454008,0,0,0
